DrugID	smi
D0J2UW	CCNC(=O)C1C(C(C(O1)N2C=NC3=C(N=C(N=C32)NCCC4=CC=C(C=C4)CCC(=O)O)N)O)O
D0F5NJ	CC(CC1=CC2=C(C=C1)OCO2)NC
D0S8RD	CC(C(C1=CC=CC=C1)O)N(C)CC=C2C3=CC=CC=C3CCC4=CC=CC=C42
D0H5FI	CC1=C(C2=C(N1C(=O)C3=CC=C(C=C3)OC)C=CC(=C2)OC(F)(F)F)CC4=CC(=CC=C4)OC(C)C(=O)O
D0PO7F	CC1=C(C2=C(N1C(=O)C3=CC=C(C=C3)OC)C=CC(=C2)OC(F)(F)F)CC4=CC=CC=C4OC(C)C(=O)O
D0B7QP	CCC(C)C(C(=O)NC(CC(=O)N)C(=O)NC(CCSC)C(=O)NC(CC(C)C)C(=O)NC(C(C)O)C(=O)ONC(CCCNC(=N)N)C(=O)N1CCCC1C(=O)NC(CCCNC(=N)N)C(=O)NC(CC2=CC=C(C=C2)O)C(=O)O)NC(=O)C(CC3=CC=C(C=C3)O)NC(=O)C(CCCNC(=N)N)NC(=O)C(CCCNC(=N)N)NC(=O)C(CC(C)C)NC(=O)C(CC(=O)O)NC(=O)C(C)NC(=O)C(C)NOC(=O)C(CC4=CC=C(C=C4)O)NC(=O)C(CCC(=O)N)NC(=O)C(C)NC(=O)C(CCSC)NC(=O)C(CCC(=O)N)NC(=O)C(CCC(=O)O)NC(=O)C5CCCN5C(=O)C(C(C)O)NC(=O)C(C)NC(=O)C(CC(=O)N)NOC(=O)C(CC(=O)O)NC(=O)CNC(=O)C6CCCN6C(=O)C(CC7=CC=C(C=C7)O)NC(=O)C(C(C)C)NC(=O)C8CCCN8C(=O)C(CCC(=O)O)NC(=O)C(CC(C)C)NC(=O)C9CCCN9C(=O)C(C)N
D0E8CZ	CCOC(=O)COC1=CC2=C(CCC(C2)NCC(C3=CC(=CC=C3)Cl)O)C=C1
D09AOO	CN(C)CC1CCOC1(C2=CC=CC=C2)C3=CC=CC=C3.Cl
D03OSG	CCOC(COC1=CC=C(C=C1)C(F)(F)F)CSC2=CC(=C(C=C2)OCC(=O)O)C
D06FKC	C1CN(CCN1)C2=C3C(=CC=C2)OCCO3
DBND71	C1CC1C2=C(C(=NO2)C3=C(C=CC=C3Cl)Cl)COC4=CC(=C(C=C4)C5(CN(C5)C6=NC=CC(=C6)C(=O)O)O)Cl
DE5N3K	CC(C)CC(C(=O)NC(CCC(=O)O)C(=O)NC(CO)C(=O)NC(C(C)O)C(=O)O)NC(=O)C(CC1=CNC2=CC=CC=C21)NC(=O)C(CCCCN)NC(=O)C(C(C)C)NC(=O)C(CC3=CC=CC=C3)NC(=O)C(CCC(=O)O)NC(=O)C(CCC(=O)O)NC(=O)C(C)NC(=O)C(CCCNC(=N)N)NC(=O)C(C)NC(=O)C(C)(C)NC(=O)C(CC(=O)O)NC(=O)C(CC(C)C)NC(=O)C(CC4=CC=C(C=C4)O)NC(=O)C(CCCCN)NC(=O)C(CO)NC(=O)C(CC5=CC=C(C=C5)O)NC(=O)C(CC(=O)O)NC(=O)C(CO)NC(=O)C(C(C)O)NC(=O)C(CC6=CC=CC=C6)NC(=O)C(C(C)O)NC(=O)CNC(=O)C(CCC(=O)N)NC(=O)C(CO)NC(=O)C(CC7=CNC=N7)N
D06LQH	CCCN1CCC2=C3C1CC4=C(C3=CC=C2)C(=C(C=C4)O)O
D04JSE	CC(C)(C1=NC(=NO1)C2=C3C(=CC=C2)NC4=C(CN3S(=O)(=O)C5=CC=C(C=C5)OC(F)(F)F)C=CC(=N4)C(F)(F)F)O
D0UX4A	CCCCCCC(C)(C)C1=CC(=C(C(=C1)OC)C2C=C(C3CC2C3(C)C)CO)OC
D0NY1R	C1=CC(=NC=C1Cl)Br
D0BP7C	CC(C(CC=CC1=NC2=CC=CC=C2O1)C3=CC4=C(C=C3)OCO4)N(CC5=CC6=CC=CC=C6C=C5)C(=O)C7C(OC(O7)(C(=O)O)C(=O)O)C(=O)O
D04MLE	CC1=NC(=C(C=C1)OC2=C(N=CC(=C2)SC3=CC=CC=N3)NC4=NC(=NS4)C(CO)O)C
D02YNH	C1CN(CCN1)C2=CN=CC(=N2)OCC3=CC(=CC=C3)Cl
D0C4BI	CC(C)(C(=O)NC(COCC1=CC=CC=C1)C2=NN=C3N2C(=CC=C3)COC(=O)N(C)CC(=O)N)N.Cl
D0N6KO	C1CCC(CC1)C2(CCN(CC2)C(=O)C(CC3=CC=C(C=C3)Cl)NC(=O)C4CC5=CC=CC=C5CN4)CN6C=NC=N6
D04JPQ	CC1=CC2=C(C=C1CC(=O)C3=C(C=CS3)S(=O)(=O)NC4=C(C(=NO4)C)Cl)OCO2.CC(C)C(CC1=CC(=C(C=C1)OC)OCCCOC)CC(C(CC(C(C)C)C(=O)NCC(C)(C)C(=O)N)O)N
D00WVI	C1CC(C1)C2=NC3=C(CS(=O)(=O)C3)C(=N2)N4CCC(CC4)CCCC(=O)O
D06SRX	CCCCCCN1C2=CC=CC=C2C(=C1O)N=NC(=O)C3=CC=CC=C3
D09DSK	CCCCCCC(C)(C)C1=CC2=C(C=C1)C3CC(=CCC3C(O2)(C)C)CO
D0N6FZ	C1CN(CCN1CCCC2=CCC3=CC=CC=C32)C4=CC=CC5=C4OC(=O)N5
D0B7AH	CCC1C2CC(CCC2(C3CC(C4(C(C3C1O)CCC4C(C)CC(C)C(=O)O)C)O)C)O
D0V0YM	CC1=CC(=NN1)C(=O)NC2CC(OC3=C2C=C(C(=N3)C4=C(C=C(C=C4)Cl)Cl)C5=CC=C(C=C5)Cl)(C)C
D0D8DA	CC1=CC(=CC=C1)C(C)C(C=CC2C(CC3C2C(C(=CCCCC4=NNN=N4)O3)(F)F)O)O
D00IQV	CC(C)CC(C(=O)NC(CCS(=O)(=O)C)C(=O)N)NC(=O)CN(C)C(=O)C(CC1=CC=CC=C1)NC(=O)C(CC2=CC=CC=C2)NC(=O)C(CCC(=O)N)NC(=O)C(CCC(=O)N)NC(=O)C3CCCN3C(=O)C(CCCCN)NC(=O)C4CCCN4C(=O)C(CCCN=C(N)N)N
D08MLH	CC1=CC=CC=C1C2=CC=CC(=C2)CNC3=CC=C(C=C3)CCC(=O)O
D0M2LD	COC1=CC=C(C=C1)CN2C=C(C(=O)C3=CC=CC=C32)C(=O)O
D0A7GH	CCCCCCCCCCCCCCCC(=O)NC(CCSC)C(=O)NCC(=O)NC(CC1=CC=C(C=C1)O)C(=O)NC(CCC(=O)N)C(=O)NC(CCCCN)C(=O)NC(CCCCN)C(=O)NC(CC(C)C)C(=O)NC(CCCNC(=N)N)C(=O)NC(CO)C(=O)NC(CCSC)C(=O)NC(C(C)O)C(=O)NC(CC(=O)O)C(=O)NC(CCCCN)C(=O)NC(CC2=CC=C(C=C2)O)C(=O)NC(CCCNC(=N)N)C(=O)NC(CC(C)C)C(=O)O
D0LJ7R	C1C2=C(C3=CC=CC=C3S1)N(N=C2C(F)(F)F)C4=CC=C(C=C4)S(=O)(=O)N
D0UV9F	CC1CN(CC(N1)C)C2=CC(=C(C=C2)OC)NS(=O)(=O)C3=CC(=C(C=C3)C4=CC=C(O4)C)F
D0SE9S	CC1=CC=CC=C1C(C2=CC=CC=C2C)N3C4CCC3CC(C4)(C5=CC=CC=C5)O
D09ZPN	CC(C)(CC1=NC(=NO1)C2=NC=C(C=C2)O)C(=O)NC3=C(CCCC3)C(=O)O
D0A6IO	CCCN1C=C2C(=N1)N=C(N3C2=NC(=N3)C4=CC=CO4)NC(=O)NC5=CC=C(C=C5)OC
D0O9ZY	CCN(CC1COC(=N1)N)C2=CC=CC=C2
D0C5FN	[BH3-]P(=O)(OCC1C(C(C(O1)N2CC(C(=O)NC2=O)OC)O)O)OP(=O)(O)O
D0F3XQ	COC1=CC(=C(C=C1C(=O)OCC2CCN(CC2)CCCC3=CC4=C(C=C3)OCCO4)Cl)N
D0FE7A	CCCCN1CCC(CC1)CCC(=O)C2=CC(=C(C=C2OC)N)Cl
D0H5FY	C1CCC(CC1)C(C#CC2C(CCC3C2CC3=CCCC(=O)O)O)O
D07OSA	COC1=CC(=C(C=C1C(=O)CCC2CCN(CC2)CCNS(=O)(=O)C)Cl)N
D0Q0YS	C1=CC(=C(C=C1CC(C(=O)O)N)I)OC2=CC(=C(C(=C2)I)O)I
D06TOI	CC#CC1(CCC2C1(CC(C3C2C=CC4=CC(=O)C=CC34C)O)C)O
D0Z7YK	CC#CC1(CCC2C1(CC(C3C2C=C(C4=CC(=O)C=CC34C)C)O)C)O
D0V8YH	CCC=CCC(C=CC=CC=CC=CC(C(CC=CCCC(=O)OC)O)O)O
D0SO9Q	CCCCCCCC1N(C(=O)C(S1)CC(=O)N(CC2=CC=CC=C2)CC3=CC=CC=C3)CCCCC4=CC=C(C=C4)C(=O)O
D0K1TQ	CC1=C(C=CC(=C1)SCC2=C(N=C(S2)C3=CC(=C(C=C3)C(F)(F)F)F)C)OCC(=O)O
D04DYM	CN(CCOC1=CC=C(C=C1)CC(C(=O)O)NC2=CC=CC=C2C(=O)C3=CC=CC=C3)C4=CC=CC=N4
D0XR8Q	CC(C)(C(=O)O)OC1=CC=C(C=C1)CCCN(CCC2=C(C=CC=C2Cl)F)C(=O)NC3=C(C(=CC=C3)Cl)Cl
D02ZML	CC(C)N(C1=CC=C(C=C1)OC)C(=O)CN2C3=CC=CC=C3N(C(=O)C(C2=O)CC4=C5C=CC=CC5=NN4)C6=CC=CC=C6
D00TFA	CC(C)(C(=O)O)SC1=CC=C(C=C1)CCN(CCCCC2CCCCC2)C(=O)NC3CCCCC3
D08ZYC	C1=CC=C(C=C1)OC2=CC=CC(=C2)CNC3=CC=C(C=C3)CCC(=O)O
D0B2MN	CCC(C)C(C(=O)NC(CC1=CC=CC=C1)C(=O)NC(C(C)O)C(=O)NC(CCC(=O)N)C(=O)NC(CCC(=O)N)C(=O)NC(CC2=CC=C(C=C2)O)C(=O)NC(CO)C(=O)NC(CCCCN)C(=O)NC(CC(C)C)C(=O)NC(CC(C)C)C(=O)NC(C)C(=O)NC(CCCCN)C(=O)NC(CC(C)C)C(=O)NC(C)C(=O)NC(CC(C)C)C(=O)NC(CCC(=O)N)C(=O)NC(CCCCN)C(=O)NC(CC3=CC=C(C=C3)O)C(=O)NC(CC(C)C)C(=O)NC(C)C(=O)NC(CO)C(=O)NC(C(C)CC)C(=O)NC(CC(C)C)C(=O)NCC(=O)NC(CO)C(=O)NC(CCCNC(=N)N)C(=O)NC(C(C)O)C(=O)NC(CO)C(=O)N4CCCC4C(=O)N5CCCC5C(=O)N6CCCC6C(=O)N)NC(=O)C(C)NC(=O)C(CC(=O)O)NC(=O)C(CO)NC(=O)C(CC7=CN=CN7)N
D08EBT	CCCCC#CC1=NC(=C2C(=N1)N(C=N2)C3C(C(C(O3)CO)O)O)NC
D0NH6Q	CSC1=NC(=C2C(=N1)N(C=N2)C3C4CC4(C(C3O)O)COP(=O)([O-])OP(=O)([O-])[O-])N.[Na+].[Na+].[Na+]
D0E8TW	C1=CN(C(=S)NC1=O)C2C(C(C(O2)COP(=O)([O-])OP(=O)([O-])OC3C(C(C(C(O3)CO)O)O)O)O)O.[Na+].[Na+]
D0Q2OK	C1=C(N(C(=O)NC1=O)C2C(C(C(O2)COP(=O)(O)OP(=O)(O)O)O)O)I
D0Q1HE	C1=CN(C(=S)NC1=O)C2C(C(C(O2)COP(=O)(O)OP(=O)(O)OP(=O)(O)O)O)N
D0Y3WN	CC1C(C(OC1COP(=O)(O)OP(=O)(O)OP(=O)(O)OP(=O)(O)OC2=CC=CC=C2)N3C=CC(=O)NC3=O)C
D03WBX	C1=CN(C(=O)NC1=O)C2C(C(C(O2)COP(=O)(CP(=O)(O)O)O)O)O
D0V9TZ	C1=CN(C(=O)NC1=O)C2C(C(C(O2)COP(=O)(C(F)(F)P(=O)(O)O)O)O)O
D09EGQ	C1=CN(C(=S)NC1=O)C2C(C(C(O2)COP(=O)(CCP(=O)(O)O)O)O)O
D02NRP	C1=CC(=O)NC(=O)C1C2C(C(C(O2)COP(=O)(O)OP(=O)(O)OP(=O)(O)OP(=O)(O)OC3C(C(C(C(O3)CO)O)F)O)O)O
D0J4MU	CONC1=NC(=O)N(C=C1)C2C(C(C(O2)COP(=O)(O)OP(=O)(O)OP(=O)(O)OCC3C(C(C(O3)N4C=CC(=O)NC4=O)O)O)O)O
D06BYY	COC1=CC2=C(C=CC=C2N3CCN(CC3)CCNC(=O)C4=CC=CS4)C=C1
D0Q0LH	CC(=O)NCCC1=C(OC2=C1C=C(C=C2)OC)CC3=CC(=CC=C3)OC
D07EOD	CC(=O)NCCC1=C2C=C(C=CC2=CC(=C1)C3=CC(=CC=C3)N)OC
D06AUM	CC(=O)NCCC1=CC=CC2=C1C=C(C=C2)OCCCCOC3=CC4=C(C=CC=C4CCNC(=O)C)C=C3
D0OC1W	CCC(C)C(C(=O)NC(CC1=CNC2=CC=CC=C21)C(=O)O)NC(=O)C(C(C)C)NC(=O)C(CC(=O)O)NC(=O)C(CCC(=O)N)NC(=O)C(CC3=CNC=N3)NC(=O)C4CSSCC(C(=O)NC(C(=O)NC5CSSCC(C(=O)NC(C(=O)NC(C(=O)NC(C(=O)N4)CC6=CC=CC=C6)CC7=CC=C(C=C7)O)CC(C)C)NC(=O)C(NC(=O)C(NC(=O)C(NC(=O)C(NC(=O)C(NC(=O)C(NC(=O)C(NC5=O)CCCCN)CC(=O)O)CCSC)C(C)O)CC(=O)O)CCCCN)CCC(=O)O)CO)N
D0D9YW	CC1=C(C=CC(=C1)C2=NOC(=N2)C)C3=CC=C(C=C3)C(=O)NC4=CC(=C(C=C4)OC)OCCN(C)C
D0RG8O	C1=CC=C(C=C1)C(CCC2=NC=C(N2)CCN)C3=CC=CC=C3
D0L0YF	CC1=C(C(=O)NO1)CCC(C(=O)O)N
D0B5ZA	C1=CC(=C(N=C1)C(=O)O)CC(=O)O
D09UVB	CC(CCCCC(=O)NC1=CC=C(C=C1)C(F)(F)F)NCCC2=CN=CN2
D02OMP	C1=CC(=C(C=C1CNC2=C3C(=NC=N2)N(C=N3)C4C(C(C(O4)CO)O)O)I)N
D0VE9G	CC(C)N1C2=C(C=C(C=C2)C(=O)O)N=N1
D0X5MA	C1CC2C(C(C1O2)CC=CCCCC(=O)O)C=CC(COC3=CC=C(C=C3)I)O
D01YEN	C1=C(ONC1=O)C(C(=O)O)N
D06PIW	C1=CC=C(C=C1)CCCONC2=NC(=O)N(C=C2)C3C(C(C(O3)COP(=O)(O)OP(=O)(O)OP(=O)(O)O)O)O
D06KMJ	CNC(=O)C12CC1C(C(C2O)O)N3C=NC4=C(N=CN=C43)NCC5=C(C(=CC=C5)Cl)C#CCCCC(=O)O
D08NQA	CNC(=O)C12CC1C(C(C2O)O)N3C=NC4=C(N=C(N=C43)C#CC5=CC(=C(C=C5)F)F)NCC6=CC(=CC=C6)Cl
D0YB7F	CCCCC(C(=O)NC1CC(=O)NCCCCC(NC(=O)C(NC(=O)C(NC(=O)C(NC(=O)C(NC1=O)CC2=CN=CN2)CC3=CC=CC=C3)CCCN=C(N)N)CC4=CNC5=CC=CC=C54)C(=O)N)NC(=O)C
D05UGC	CC(C(=O)NC(CCC(=O)O)C(=O)N)NC(=O)C(C)OC1C(C(OC(C1O)CO)O)NC(=O)C
D02JCM	C1CCC(CC1)NC2=C3C(=NC=N2)N(C=N3)C4C(C(C(O4)CO)O)O
D0IF3N	CN(C)CCC1=CN=CN1
D0Y4EW	CC(C(C(=O)NCC(=O)NC(C)C(=O)NC(CCCN=C(N)N)C(=O)NC(CCCCN)C(=O)NC(CO)C(=O)NC(C)C(=O)NC(CCCN=C(N)N)C(=O)NC(CCCCN)C(=O)N)NC(=O)C(CC1=CC=CC=C1)NC(=O)CNC(=O)CNC(=O)C(CC2=CC=CC=C2)N)O
D08ECP	CNCCC1=CN=CN1
D0A4XL	CN1C=C(N=C1)CCN
D0XR9Z	C1CCC(C1)(CC2=CC=C(C=C2)OCP(=O)(C3=CC=CC=C3)O)NCC(COC4=CC=C(C=C4)O)O
D0L8DV	CC(CC=CC1C(CC(=O)C1CCC=CCCC(=O)OC)O)(C=CC2=CCCC2)O
D01SNS	CCCC(=O)NCCC1=C2C3=CC=CC=C3CN2C4=C1C=C(C=C4)OC
D0E5XM	C1=C(NC=N1)CCCCN
D0E5EB	C1=C(NC=N1)CCCCCN
D04EDO	CN=C(NCCCC1=CN=CN1)NC#N
D0B4SF	CC1=C(N=CN1)CSCCNC(=NCCCC2=CN=CN2)N
D0U9IJ	CN1C=C2C(=N1)C=CC=C2NC3=NCCN3
D06YZB	C1(C(C(C(C(C1OP(=O)(O)O)O)OP(=O)(O)O)OP(=O)(O)O)O)O
D0P6KN	C1=CC=C(C=C1)CC2OC3C(OC(C3O2)N4C=CC(=O)NC4=O)COP(=O)(O)OP(=O)(O)OP(=O)(O)OCC5C(C(C(O5)N6C=CC(=O)NC6=O)O)O
D0ZP2D	CC(C)N1C=C(C2=C1C=CC(=C2)OC)CCN
D0ZF1W	CC(C)N1C=C(C2=CC=CC=C21)CCN
D07LYU	C1=CC=C(C=C1)CCONC2=NC(=O)N(C=C2)C3C(C(C(O3)COP(=O)(O)OP(=O)(O)OP(=O)(O)O)O)O
D07RTQ	C1=CC(=C[N+](=C1)C2C(C(C(O2)COP(=O)(O)OP(=O)(O)OCC3C(C(C(O3)N4C=NC5=C(N=CN=C54)N)OP(=O)(O)O)O)O)O)C(=O)O
D02FCY	CC(=O)NC(CC(=O)O)C(=O)NC(CCC(=O)O)C(=O)O
D0R8LB	CCCCCCCCC=CCCCCCCCC(=O)NCCOP(=O)(O)O
D0W1HM	CCCCN1CCCC1CNC(=O)C2=C(C3=CC=CC=C3C(=C2)C#N)OC
D01ZHW	CCCCCC=CCC=CCC=CCC=CCCCC(=O)NCC(=O)O
D0N9SV	C1=CC=C(C=C1)N(CCOC2=CC=C(C=C2)CCCC(=O)O)C3=CC=CC=N3
D0Y4YV	CC1CC2=CC(=C(C(=C2C3=C(C(=C(C=C3CC1C)OC)OC)OC)OC)OC)OC
D0NL5K	CCCCCCCCCCCCCCCCCC(=O)NCCO
D0ZU0O	C1=CC=C(C=C1)C2=C(SC(=C2)C3=NC(=NO3)C4=CC(=CC=C4)C(F)(F)F)C(F)(F)F
D05PHX	CC1=CC2=C(C3=CC=CC=C13)OC(=N2)N
D0UL7R	C1=CC=C2C(=C1)C=CC3=C2N=C(S3)N
D0B6FM	COC1=C2CC(CCC2=C(C=C1)SC)N
D0V4FZ	CN1CCC2=CC(=C(C=C2C(C1)C3=CC=CC=C3)O)O
D0L3MJ	CC1=CC(=CC=C1)C2CN(CCC3=C(C(=C(C=C23)O)O)Cl)C
D0EK6P	C1C(NCC1(C(=O)O)N)C(=O)O
D03SAM	CC(CC1=CN=CN1)N
D09AQK	C1=CC(=CC=C1C(C(=O)O)N)P(=O)(O)O
D0P5QU	C1=CC=C(C=C1)C(=O)NC(=CC2=CC=CO2)C(=O)NCC3=CN=CC=C3
D0R5NA	COC1=CC=C(C=C1)C=C(C(=O)NCC2=CN=CC=C2)NC(=O)C3=CC=CC=C3
D08ZJM	CC(C)CCC1=CC(=C2C=C(C=CC2=C1)OC)CCNC(=O)C
D06ZVB	CC(C)C(=O)O
D02YIJ	CCCCCC(C=CC1C(CC2C1CC(=C2)CCCCC(=O)O)O)O
D05OIF	CCN1C=C(N=C1)CCN
D01NPA	CC(C)CC(C(=O)NC(CCSC)C(=O)N)NC(=O)CNC(=O)C(C(C)C)NC(=O)C(CC1=CC=CC=C1)NC(=O)C(CO)NC(=O)C(CC(=O)O)NC(=O)C(C(C)O)NC(=O)C(CCCCN)NC(=O)C(CC2=CN=CN2)N
D0S3XL	CC(C)CC(C(=O)NC(CC1=CNC2=CC=CC=C21)C(=O)NC(C)C(=O)NC(C(C)O)C(=O)NCC(=O)NC(CC3=CN=CN3)C(=O)NC(CC4=CC=CC=C4)C(=O)NC(CCSC)C(=O)N)NC(=O)C(CC(=O)N)NC(=O)CN
D03PEA	CC1=C(C=C(C=C1)C(=O)NC2=C(C=C(C=C2)CP(=O)(O)[O-])CP(=O)(O)[O-])NC(=O)C3=CC(=CC=C3)NC(=O)NC4=CC=CC(=C4)C(=O)NC5=C(C=CC(=C5)C(=O)NC6=C(C=C(C=C6)CP(=O)(O)[O-])CP(=O)(O)[O-])C.[Na+].[Na+].[Na+].[Na+]
D06GKL	CNC(CC(=O)O)C(=O)O
D02NZI	CCN(CC)CCN1C2=CC(=CC(=C2C(C1=O)(C3=CC=CC=C3Cl)O)C(F)(F)F)C(=O)N
D0HQ0E	CN(C1CCC2(CCCO2)CC1N3CCCC3)C(=O)CC4=CC(=C(C=C4)Cl)Cl
D0MU4A	C1CN(CCC12C(=O)NCN2C3=CC=CC=C3)CC4COC5=CC=CC=C5O4
D09XLT	CCCCCC(C=CC1CC2CC(C1CC=CCCCC(=O)O)O2)O
D08DFY	C1CCC(CC1)C(C=CC2C3CCC(C2CC=CCCCC(=O)O)O3)O
D0R7OD	CC(C1C(=O)NC(C(=O)NC(CSSCC(C(=O)NC(C(=O)NC(C(=O)NC(C(=O)NC(C(=O)NC(C(=O)NC(C(=O)N1)CCCCN)CC2=CNC3=CC=CC=C32)CC4=CC=CC=C4)CC5=CC=CC=C5)CC(=O)N)CCCCN)NC(=O)CNC(=O)C(C)N)C(=O)O)CO)O
D03EGA	C1CN(CCN1)CC2=CSC3=NC(=CN23)C4=CC=CC=C4NC(=O)C5=NC6=CC=CC=C6N=C5.Cl
D01PGU	CCCCCC=CC=C1C(C=CC1=O)CC=CCCCC(=O)O
D02MMY	COC1=C(C=C2C(=C1)C=CC3=C4C=CC(=O)C=C4NC=C32)OC
D00WOK	C1=NC2=C(C(=O)N1)N=CN2C3C(C(C(O3)COP(=O)(O)OP(=O)(O)OP(=O)(O)O)O)O
D0GC9B	CCCCC(C(=O)NCC(=O)NC(CC1=CNC2=CC=CC=C21)C(=O)NC(CCCC)C(=O)NC(CC(=O)O)C(=O)OCCC3=CC=CC=C3)NC(=O)C(CC4=CC=C(C=C4)OS(=O)(=O)O)NC(=O)OC(C)(C)C.N.N
D04LEF	CCC(C)C(C(=O)NC(CC(C)C)C(=O)O)NC(=O)C(CC1=CC=C(C=C1)O)NC(=O)C2CCCN2C(=O)C(CCCCN)NCC(CCCCN)N
D09RSL	CCC(C)C(C(=O)NC(CC(C)C)C(=O)O)NC(=O)C(CC1=CNC2=CC=CC=C21)NC(=O)C3CCCN3C(=O)C(CCCN=C(N)N)NC(=O)C(CCCN=C(N)N)NC(=O)OC(C)(C)C
D03VGR	CCCCCC=CCC=CC=CC=CC(C(CCCC(=O)O)O)SCC(C(=O)NCC(=O)O)NC(=O)CCC(C(=O)O)NC
D0T6SC	CNCCC1=CN=CN1.Cl.Cl
D02MJE	C1CN2CCC1C(C2)C3=NSN=C3OCC#CC4=CC=CC=C4
D07CAB	C1CN2CCC1C(C2)C3=NSN=C3OCC#CC4=CC=C(C=C4)C#CCOC5=NSN=C5C6CN7CCC6CC7
D08XBQ	C1CN2CCC1C(C2)C3=NSN=C3OCC#CC4=CC(=CC=C4)C#CCOC5=NSN=C5C6CN7CCC6CC7
D05CEM	C1=CC(=C(C=C1CN(CCCNC(=O)NCCCC2=CN=CN2)C3=NC=C(C=C3)Br)Cl)Cl
D07MBC	CCCCCCCCC=CCCCCCCCC(=O)NCCO
D0N6AY	CC(CC1=CC(=CC=C1)C(F)(F)F)N
D0NV5N	C1CNC2CC3=C4C15C2C=CC(C5OC4=C(C=C3)O)O
D00GTU	CCCCCC(C=CC1CC2CC(C1CC=CCCCC(=O)O)S2)O
D05PDF	CCOC1=CC=CC=C1N(C)S(=O)(=O)C2=CC3=C(C=C2)NC=C(C3=O)C(=O)NCC=C
D0S8AN	CC(CC(C(=O)[O-])N)C(=O)[O-]
D0U7BI	CC1=C(C(C(=C(N1)C)[N+](=O)[O-])C2=CC=CC3=NON=C32)C(=O)OC(C)C
D01OIV	COC1=C(C=C(C=C1)CCNCC(C2=CC(=C(C=C2)O)O)O)OC
D0X2ZM	CC1=C(N(N=C1C(=O)NN2CCCCC2)C3=C(C=C(C=C3)Cl)Cl)C4=CC=C(C=C4)C5=CC=C(C=C5)CCCNC(=O)C6=CC7=C(C=C6)C8(C9=C(C=C(C=C9)N(C)C)OC1=C8C=CC(=C1)N(C)C)OC7=O
D0Z6DG	CCCCCCCCC=CCCCCCCCC(=O)OC1COCCC1OP(=O)(O)[S-].[Na+]
D01UVA	CC1CC2C(C(CC3(C(CC1(O3)O)O)C)OC(=O)C(C)C)C(=C)C(=O)O2
D08HBN	C1CC(N(C1)C(=O)C2CCCN2C(=O)C(CCCN=C(N)N)NC(=O)C(CCCCN)N)C(=O)NCC(=O)NC(CC3=CC=CC=C3)C(=O)NC(CO)C(=O)N4CCCC4C(=O)NC(CC5=CC=CC=C5)C(=O)NC(CCCN=C(N)N)C(=O)O
D0D2JB	CC(C)CC(C(=O)NC(CCSC)C(=O)N)NC(=O)CNC(=O)C(C(C)C)NC(=O)C(CC1=CC=CC=C1)NC(=O)C(CCC(=O)N)NC(=O)C(CC(=O)O)NC(=O)C(CO)NC(=O)C(CCCCN)NC(=O)C2CCCN2C(=O)C(C(C)C)NC(=O)C(CC(=O)O)N
D01VSI	CC(C)CC(C(=O)NC(CCCN=C(N)N)C(=O)NC(CC1=CC=CC=C1)C(=O)N)NC(=O)CNC(=O)C(CC2=CC=CC=C2)NC(=O)C(CO)NC(=O)C(CC(=O)N)NC(=O)C(CC3=CNC4=CC=CC=C43)NC(=O)C(CC(=O)N)NC(=O)C(CC5=CC=C(C=C5)O)N
D08QKF	C1=CC=C(C=C1)SC2=C(N(C3=C2C=C(C=C3)Cl)CC4=CC=C(C=C4)Cl)C(=O)O
D06NAM	CC1=CC(C(CC1)C(=C)C)C2=C(C=C(C=C2C)O)O
D09LVP	CC(CO)NC(=O)CCCC=CCC=CCC=CCC=CC(C)(C)CCCCC#N
D01CNF	CC(=O)OC1C(C(OC1O)COP(=O)(O)OP(=O)(O)OCC2C(C(C(O2)N3C=NC4=C(N=CN=C43)N)O)O)O
D00UZO	CCCCCC=CCC=CCC=CCC=CCCCC(=O)OCCN
D08BCH	C1CCC(C1)NC2=C3C(=NC(=N2)NN=NC(=O)NC4=CC=CC=C4)N(C=N3)C5C(C(C(O5)CO)O)O
D0S2LO	C1CC(=O)N(C1C=CC(CC2=CC=CC=C2)O)CCCCCCC3=NNN=N3
D09AZM	CCCCC(C)CC(C=CC1C(CC2C1CC(=C2)CCCCC(=O)O)O)O
D0SY2M	C1=CC(=CC=C1C2=COC3=C(C2=O)C=CC(=C3)O)O
D0G7TT	C(CP(=O)(O)O)C(C(=O)O)N
D08CAB	C(C(C(=O)O)N)C(=O)O
D0D8CZ	C1C(C(OC1N2C=NC3=C(N=CN=C32)N)COP(=O)(O)OP(=O)(O)OP(=O)(O)O)O
D0I5TV	C1C(C(OC1N2C=NC3=C(N=CN=C32)N)COP(=S)(O)OP(=O)(O)OP(=O)(O)O)O
D0I6MA	CCN1C2=CC(=C(C=C2NC1=O)Cl)Cl
D0E0DY	CCCCCCCCCCOP(=O)(O)O
D0MS3D	CCCCCC(CC=C1C(C=CC1=O)CC=CCCCC(=O)O)O
D04SQY	CC12CCC3C(C1CCC2C(=O)CO)CCC4=CC(=O)CCC34C
D0M6OV	CCC1C(C(C(C2=C(CC(O2)(C(C(C(C(C(=O)O1)C)OC3CC(CC(O3)C)(C)OC)C)OC4C(C(CC(O4)C)N(C)C)O)C)C)C)O)(C)O
D0U7YK	C1=CC=C(C=C1)OC2=CC(=CC=C2)SC3=CC(=C(C=C3)CCC(CO)(COP(=O)(O)O)N)Cl
D07WRP	CC(C1=CNC2=CC=CC=C21)C(C(=O)NC(CCCCN)C(=O)OC(C)(C)C)NC(=O)N3CCC(CC3)N4C5=CC=CC=C5NC4=O
D0U3WW	CCC1=NC2=C(N1CC3=CC=C(C=C3)C4=C(C=CC(=C4)CC(C)C)S(=O)(=O)NC(=O)C5=CC=CC=C5)N=C(C=C2C)C
D0YK9T	CCCC1=C(C=CC(=C1O)C(=O)C)OCCCOC2=CC=C(C=C2)OCC(=O)O
D0R2KL	CCCCCC(CCN1C(SCC1=O)CCCC2=CC=C(C=C2)C(=O)O)O
D0BS7G	CCCCCCC(C)(C)C1=CC2=C(C3CC(=CCC3C(O2)(C)C)C)C(=C1)OC
D02INF	CCCCCCC(C)(C)C1=CC2=C(C3CC(=C)CCC3C(O2)(C)C)C(=C1)OC
D0L4PT	C1=CC=C(C=C1)S(=O)(=O)CC2=NC3=CC=CC=C3N=C2Cl
D01HRV	C1CN(CCC1NC(CO)C2=CC=C(C=C2)F)CCCC3=CNC4=C3C=C(C=C4)N5C=NN=C5
D0GH9J	CCCCCCCCOCC(COP(=S)(O)O)OCCCCCCCC
D02HWL	CCCCCCCCC=CCCCCCCCC(=O)OCC(COP(=O)([O-])OCC[N+](C)(C)C)O
D0K3GQ	CCCCCCCCC=CCCCCCCCC(=O)OP(=O)(OC(=O)CCCCCCCC=CCCCCCCCC)SC(=O)CCCCCCCC=CCCCCCCCC
D0H6DZ	CCCCCCCCC=CCCCCCCCC(=O)OCC(COP(=S)(O)O)OC
D0T2GA	CC(C)CN(C1=C(C=C(C=C1)C(F)(F)F)OCC2=CC=C(C=C2)C=CC(=O)O)S(=O)(=O)C3=CC=CO3
D06VZS	COCC1=CC=CC=C1CCC(C=CC2C(CC(=O)C2SCCCSCC(=O)O)O)O
D0V5HV	C1CN(CCN1)C2=CC=CC(=C2)C(F)(F)F
D01RNA	CC(CCC=C(C)C)C1CCC2C1(CCC3C2CC=C4C3(CCC(C4)O)C)C
D02VGS	CSCCC(C(=O)NC(CC1=CC=C(C=C1)O)C(=O)C(=O)C(CC(=O)O)N)NC(=O)CNC(=O)C(CC2=CNC3=CC=CC=C32)NC(=O)C(CCSC)NC(=O)C(CC(=O)O)NC(=O)C(CC4=CC=CC=C4)NN
D05EOW	C1=CC(=CC=C1CC(C#N)C2=CC=C(C=C2)O)O
D04BLO	COC1=CC2=C(C=CC=C2CCNC(=O)C(F)F)C=C1
D0UI3L	CC(C)CC1C(=O)N2CCCC2C3(N1C(=O)C(O3)(C(C)C)NC(=O)C4CC5C(CC6=CNC7=CC=CC5=C67)N(C4)C)O
D02UUO	CCCCCCCCCCCCCCCC(C(COP(=O)(O)O)N)O
D0S5DR	CCN(C)C
D0PB6B	CN(C)CCC1=CN=C(N1)CCC(C2=CC=CC=C2)C3=CC=CC=C3
D02EWR	CC(C1=CNC2=CC=CC=C21)C(C(=O)NCC3CCCC(C3)CN)NC(=O)N4CCC(CC4)N5C6=CC=CC=C6NC5=O
D08QXD	CCCC1=C(C=CC2=C1ON=C2C(F)(F)F)OCCCSC3=C(C=C(C=C3)CC(=O)O)Cl
D05JKQ	CCCCC(C(=O)NC(CCCCN)C(=O)OC)NC(=O)NC(CC1=CC=CC=C1)C(=O)NC2=CC=C(C=C2)[N+](=O)[O-]
D0O2DN	CC(CCN)CC(C)(C)CNC(=O)C(CC1=CC=CC2=CC=CC=C21)NC(=O)N(CCC3=CC=CC=C3)CCC4=CC=CC=N4
D04QBM	COC(=O)C(CCCN=C(N)N)NC(=O)CCCC1=C(NC2=C1C=C(C=C2F)F)C3=CC=CC=C3
D05PKR	CC(COC(=O)C(CCCCN)NC(=O)CC1=C(NC2=C1C=CC3=CC=CC=C32)C4=CC5=CC=CC=C5C=C4)N
D0WV5J	C1CN2C3=C(C=CC(=C3)F)C(=C2C1CC(=O)O)SC4=CC=C(C=C4)Cl
D08CEW	C1CC(=O)N(C1C=CC(C(C2=CC=CC=C2)(F)F)O)CCCCCCC3=NNN=N3
D0PN6Z	C(CP(=O)(O)O)C(C(=O)O)N
D0OT9B	C(C(C(=O)O)N)C(=O)O
D0UG4S	C1=NC(=C2C(=N1)N(C=N2)C3C(C(C(O3)COP(=O)(O)OP(=O)(CP(=O)(O)O)O)O)O)N
D0Z7CZ	C1C(C1C(=O)O)C(C(=O)O)N
D0CW4T	CCCCCC(C=CC1C(CC(=O)C1CC=CCCCC(=O)O)OC)OC
D0VR8J	C1=CC=C(C=C1)C(C2=CC=CC=C2)NC(=O)CCC3=C4C=CC=C(C4=CC=C3)OCC(=O)O
D02IVR	CCCCC(C)CC(C=CC1C(CC(=O)C1CC(=O)C2CCC(CC2)C(=O)O)O)O
D09ULA	CC1=C(C(=CC=C1)N2CCN(CC2)CCCOC3=CC4=C(C=C3)C=CC(=O)N4)C
D0MY0E	CCC(C)C(C(=O)NCC(=O)NC(C)C(=O)NC(C)C(=O)NC(CC1=CNC=N1)C(=O)NC(CC(=O)N)C(=O)NCC(=O)NC(CO)C(=O)NC(C)C(=O)NC(CCC(=O)N)C(=O)NC(CC(C)C)C(=O)NC(CC(C)C)C(=O)NC(CCCN=C(N)N)C(=O)NC(CCC(=O)N)C(=O)NC(CC(C)C)C(=O)NC(CCCN=C(N)N)C(=O)NCC(=O)NC(CCC(=O)N)C(=O)NC(CC(C)C)C(=O)NCC(=O)N2CCCC2C(=O)N3CCCC3C(=O)NCC(=O)NC(CO)C(=O)NC(CCCN=C(N)N)C(=O)N)NC(=O)C(CC(C)C)NC(=O)C(C(C)O)NC(=O)C(CCSC)N
D0N7HY	C1CN(CCN1)C2=NC(=C(C=C2)C(F)(F)F)Cl
D01UFF	CCC1CC2C3CCC4=CC(=O)CCC4C3CCC2(C1C(=O)CO)C
D04WXI	C1=CC=NC(=C1)C(CC(=O)NC(=NCCCC2=CN=CN2)N)C3=CC=C(C=C3)F
D0G4CG	C[N+](C)(C)CC#CCN1CCCC1=O
D0MC5J	CCC(C)C(C(=O)NC(CC1=CC=CC=C1)C(=O)NC(C(C)O)C(=O)NC(CC(=O)O)C(=O)NC(CO)C(=O)NC(CC2=CC=C(C=C2)O)C(=O)NC(CO)C(=O)NC(CCCNC(=N)N)C(=O)NC(CC3=CC=C(C=C3)O)C(=O)NC(CCCNC(=N)N)C(=O)NC(CCCCN)C(=O)NC(CCC(=O)N)C(=O)NC(CCSC)C(=O)NC(C)C(=O)NC(C(C)C)C(=O)NC(CCCCN)C(=O)NC(CCCCN)C(=O)NC(CC4=CC=C(C=C4)O)C(=O)NC(CC(C)C)C(=O)NC(C)C(=O)NC(C)C(=O)NC(C(C)C)C(=O)NC(CC(C)C)C(=O)N)NC(=O)CNC(=O)C(CC(=O)O)NC(=O)C(CO)NC(=O)C(CC5=CN=CN5)N
D04FHG	CCCCCCCCCCCCCCCCOCC(COP(=O)([O-])OCC[N+](C)(C)C)OC(=O)C
D04BYU	C1=CC=C2C(=C1)C=C(C(=C2CC3=C(C(=CC4=CC=CC=C43)C(=O)O)O)O)C(=O)O
D0HI6O	C1CC(N(C1)C2=CC=CC=N2)COC3=CC=C(C=C3)C=C4C(=O)NC(=O)S4
D0V4WT	CC12CCC3C(=CC(=O)C(O3)C(C)(C)O)C1(CCC4C2(C5=C(C4)C6=CC=CC=C6N5)C)O
D0L9RP	CCCCC(C(=O)NC(CC(=O)O)C(=O)NC(CC1=CC=CC=C1)C(=O)NC(=O)C(CC2=CNC3=CC=CC=C32)NC(=O)C(=O)CNC(CCCC)NC(=O)C(CC4=CC=C(C=C4)OS(=O)(=O)O)NC(=O)CC)NC
D0M9GO	CN1C(CN=C(C2=CC=CC=C21)C3=CC=CC=C3F)CNC(=O)C4=CSC=C4
D06OBX	CC1CC2C(C(CC3(CCC1(O3)O)C)OC(=O)C(C)C)C(=C)C(=O)O2
D07COX	CCC(C)C(C(=O)NC(CO)C(=O)NC(CCCN=C(N)N)C(=O)N1CCCC1C(=O)N2CCCC2C(=O)NCC(=O)NC(CC3=CC=CC=C3)C(=O)NC(CO)C(=O)N4CCCC4C(=O)NC(CC5=CC=CC=C5)C(=O)NC(CCCN=C(N)N)C(=O)O)N
D01THG	CC=C(C)C(=O)O
D0N0GJ	C1=CC=C2C(=C1)C3=CC=CC=C3[I+]2.[Cl-]
D0D3PZ	CCCN(CCC)CCC1=CNC2=C1C=C(C=C2)C(=O)N
D09DXN	C1=CC=C(C(=C1)C(=O)CC(C(=O)O)N)N
D0DA9T	CC(C(=O)O)O
D0J0KG	C1CC(=O)NC2=C1C=CC(=C2)OCCCCN3CCN(CC3)C4=C(C(=C(C=C4)O)Cl)Cl
D0FZ6A	CCCCCCCCCCCCOP(=O)([O-])[O-]
D04KQT	CCCCCCCCCCCCOP(=S)(O)O
D0DE8K	CN1CC(CC2C1CC3=C(NC4=CC=CC2=C34)Cl)CC#N
D0Q9FZ	CCCOC1=CC2=C(C=C1C(=CC=CC(=CC(=O)O)C)C)C(CCC2(C)C)(C)C
D07AHG	CCC(CC)(C1=CC(=C(C=C1)OCC(CO)O)C)C2=CC(=C(C=C2)OCC(C(C)(C)C)O)C
D06FZS	CC(C(=O)O)O
D07TMZ	C(CCN)CC(C(=O)O)N
D03ZNB	C(CC(C(=O)O)N)CN
D0Z1OF	C1CC(C2=CC=CC=C2C1)NC(=O)CCCCCN3CCN(CC3)C4=CC=CC=C4C5=CC=CC=C5
D00GSD	C1CN(CCN1CCCCCC(=O)NCC2=CC=C(C=C2)C#N)C3=CC=CC=C3C4=CC=CC=C4
D00CDM	CCCN1CCOC2C1COC3=C2C=C(C=C3)O
D0TC7N	CCNC(=O)C1C(C(C(O1)N2C=NC3=C(N=C(N=C32)C#CC4=CC=CC=C4)N)O)O
D0V6IE	CCCCC(=O)O
D0T6ID	CCCCCSC1=NSN=C1C2=CCCN(C2)C
D0T5GV	C1=CN=CC=C1CC(C(Cl)(Cl)Cl)O
D04DOV	CN(C)C
D01CCG	CC1=CC=CC=C1C#CC2=CC=C(C=C2)CCC(=O)O
D0S0QY	C1=CC=C(C(=C1)CC#N)C#CC2=CC(=C(C=C2)CCC(=O)O)F
D0K6EG	CC1=CC=C(C=C1)C2=C(C=C(C=C2)F)COC3=CC=C(C=C3)CCC(=O)O
D0C5RZ	C1=CC(=CC=C1CCN)O
D04JOG	CCCC1=C(C=CC(=C1)OC2=CC=CC=C2)OCCCOC3=CC=CC(=C3)C4C(=O)NC(=O)S4
D03BNO	CCCCCC(C=CC1C2CC(C1CC=CCCCC(=O)O)OO2)O
D03PLH	CCCCCC(C=CC1C2CC(C1CC=CCCCC(=O)O)CO2)O
D0U0VH	CCCN(CCC)C1CCC2=C(C1)C3=C(C=C2)NC(=C3)C#N
D0T9DI	C1=CC=C2C(=C1)C=CC3=C2OC(=CC3=O)C4=CC=NC=C4
D0C6YC	C1=CC=C2C(=C1)C(=CC3=C2OC(=CC3=O)C4=CC=NC=C4)C5=CC=CO5
D0S0NB	C1=CC(=CC(=C1)Cl)N2C3=C(C=C(C=C3)C(F)(F)F)NC2=O
D0M8VN	C1N(C(=O)C2=CC=CC=C2O1)CCOC3=CC=C(C=C3)CC4C(=O)NC(=O)S4
D0EM9A	CC(C)CC(C(=O)NC(C(C)O)C(=O)O)NC(=O)C(CC1=CC=CC=C1)NC(=O)CNC(=O)C(CO)NC(=O)C(CC2=CC=C(C=C2)O)N
D0G1XL	CC(C)CC(C(=O)NC(C(C)O)C(=O)O)NC(=O)C(CC1=CC=CC=C1)NC(=O)CNC(=O)C(COC(C)(C)C)NC(=O)C(CC2=CC=C(C=C2)O)N
D08CBB	C1=CC=C2C(=C1)C(=CN2)CC(C(=O)O)N
D06JPQ	CCN(CC)C1=CC=C(C=C1)C=NNC(=O)C2=CC=C(C=C2)O
D0H0OO	CC(C)CC(C(=O)NC(CCCN=C(N)N)C(=O)NC(CCCN=C(N)N)C(=O)NC(CCC(=O)N)C(=O)NC(CC1=CC=CC=C1)C(=O)NC(CCCCN)C(=O)NC(C(C)C)C(=O)NC(C(C)C)C(=O)NC(C(C)O)C(=O)O)NC(=O)C(CC2=CC=CC=C2)NC(=O)CNC(=O)CNC(=O)C(CC3=CC=C(C=C3)O)N
D0K6AF	CNC1C(COC2C1OC(C2)(CC(C(=O)O)N)C(=O)O)O
D0J6UH	CCN(CC)C1=CC2=C(C=C1)C(=C3C=CC(=[N+](CC)CC)C=C3O2)C4=C(C=C(C=C4)S(=O)(=O)NCCCCCCCCCCCCNC(=O)NCCCCC(C(=O)NC(CC5=C[N+](=CN5C)CC6=CC=CC=C6)C(=O)NC7CC[NH+](CC7)C)NC(=O)CC8=CSC(=N)[NH+]8C)S(=O)(=O)O.C(=O)(C(F)(F)F)[O-].C(=O)(C(F)(F)F)[O-].C(=O)(C(F)(F)F)[O-]
D03TSY	CC1=C(C(=NN1C)C)C2=CC=CC(=C2)CCN(C)C
D0N7NK	CN(C)CCC1=CNC2=C1C=C(C=C2)NS(=O)(=O)C3=C(N=C4N3C=CS4)Cl
D0T0AG	CCN1C2=CC=CC=C2NC1=O
D07YFL	CCC1=NN2C=CC3=C(C2=C1CCNC(=O)C)CCO3
D0X4PH	CSC1=CC=CC=C1N2CCN(CC2)CCCCCC(=O)NC3CCCC4=CC=CC=C34
D0X0UR	CCCCCCCCC=CCCCCCCCC(=O)OCC(COP(=O)(O)O)O
D0T6GM	C(C(C(=O)O)N)O
D07PZQ	C(C(C(=O)O)N)OP(=O)(O)O
D0XG6U	COC1=CC(=CC(=C1O)[N+](=O)[O-])C(O)P(=O)(CCC(C(=O)O)N)O
D0KL4K	C1=CC(=CC=C1C(O)P(=O)(CCC(C(=O)O)N)O)OCC(=O)O
D0EW6H	CCCCCC=CCC=CC=CC=CC(C(CCCC(=O)O)O)SCC(C(=O)NCC(=O)O)NC(=O)CCC(C(=O)O)N
D03YBH	CCCCCC=CCC=CC=CC=CC(C(CCCC(=O)O)O)SCC(C(=O)NCC(=O)O)N
D0C0KJ	CCCCCC=CCC=CC=CC=CC(C(CCCC(=O)O)O)SCC(C(=O)O)N
D01URS	CCCN1CC(OCC1C)C2=CN=C(C=C2)N
D06KBO	CCCCCC(C=CC1C(C(CC1=O)O)CC=CCCCC(=O)O)O
D0V4PZ	CCC=CCC(C=CC1C(C(CC1=O)O)CC=CCCCC(=O)O)O
D0Y6OX	CCCCCC(C=CC1C(C=CC1=O)CC=CCCCC(=O)O)O
D0TM0N	CC(=O)NCCN(C1=CC=CC=C1)C2=CC=C(C=C2)OC
D0K1HD	CC(=O)NCCN(C)C1=CC(=CC=C1)OC
D08VPN	C1=CN(C(=O)NC1=O)C2C(C(C(O2)COP(=O)(O)OP(=S)(O)O)O)O
D07MIE	C1=CN(C(=O)NC1=O)C2C(C(C(O2)COP(=O)(O)OP(=O)(O)OC3C(C(C(C(O3)CO)O)O)O)O)O
D0O8AN	C1=CN(C(=O)NC1=O)C2C(C(C(O2)COP(=O)(O)OP(=O)(O)OC3C(C(C(C(O3)C(=O)O)O)O)O)O)O
D0HN2M	CC(C(C(=O)NCC(=O)NC(C)(C)C(=O)NC(CCCNC(=N)N)C(=O)NC(CCCCN)C(=O)NC(CO)C(=O)NC(C)C(=O)NC(CCCNC(=N)N)C(=O)NC(CCCCN)C(=O)NC(CCCNC(=N)N)C(=O)NC(CCCCN)C(=O)NC(CC(=O)N)C(=O)NC(CCC(=O)N)C(=O)N)NC(=O)C(CC1=CC=C(C=C1)F)NC(=O)CNC(=O)CNC(=O)C(CC2=CC=CC=C2)N)O
D0E3AL	C1CN(CCN(C1)C2=C(C(=CC=C2)Cl)Cl)CCCCOC3=CC4=C(CCC(=O)N4)C=C3
D0L7ZD	C1CN(CCN(C1)C2=C(C(=CC=C2)Cl)Cl)CCCCOC3=NC4=C(CCC(=O)N4)C=C3
D0Q2MX	C1CN(CCC1C2=C(C(=CC=C2)Cl)Cl)CCCOC3=CC4=C(C=C3)SC=N4
D0X0PF	CCCCCCCCCCC(=O)O
D09RGZ	C1=CN(C(=O)NC1=O)C2C(C(C(O2)COP(=O)([O-])OP(=O)([O-])OP(=O)([O-])OCC3C(C(C(O3)N4C=CC(=O)NC4=O)O)O)O)O
D0G9IP	CCCCCC#CCC#CCC#CCC#CCCCC(=O)O
D0W9II	CCOC(=O)C(CC(C)C)NC(=O)C(C(C)(C)C)NC(=O)C(CC1=CNC2=CC=CC=C21)NC(=O)C3CCCN3C(=O)C(CCCCN)NC(=O)C(CCCN=C(N)N)NC
D0U9IB	CCC(C)C(C(=O)NCC(=O)NC(CC(C)C)C(=O)NC(CCSC)C(=O)N)NC(=O)C(CC1=CC=CC=C1)NC(=O)C(C)NC(=O)C(CC(=O)O)NC(=O)C(CCCCN)NC(=O)C(CO)NC(=O)C2CCCN2C(=O)C3CCC(=O)N3
D0J2VQ	CCC1C(C(C(C2=C(CC(O2)(C(C(C(C(C(=O)O1)C)OC3CC(C(C(O3)C)O)(C)OC)C)OC4C(C(CC(O4)C)N(C)CC)O)C)C)C)O)(C)O
D0G7QT	CC1=C(C2=C(N1)C=CC(=C2)Cl)C3=CCNCC3
D0CK9K	CCC1=C(C2=C(N1)C=CC(=C2)OC)CCN(C)C
D06AUX	CCCCCCCCCCCCCCCCOCC(COP(=O)([O-])OCC[N+](C)(C)C)OC(=O)C
D0X6PY	C1CC2C=CC1C(C2C=NOC(C3=CC=CC=C3)C4=CC=CC=C4)CC=CCCCC(=O)O
D09TWW	C1CC2C(C(C1O2)CC=CCCCC(=O)O)C=CC(COC3=CC=C(C=C3)F)O
D0D5SK	CCC12CCN(C(C1C)C(=O)C3=C2C=C(C=C3)O)CC4CC4
D0T5EI	CCC12CCN(C(C1C)C(=O)C3=C2C=C(C=C3)O)CC4CC4
D06TSQ	C1=CC(=CC=C1C2=C(C(=NC(=C2C#N)SCCO)N)C#N)O
D0R1FZ	CCCCCC(C=CC=CC=CC=CC(C(CCCC(=O)O)O)O)O
D0T4PS	C1CN(CCN1CCC2=CC=C(C=C2)N)C3=CC=CC(=C3)C(F)(F)F
D0Z7OX	CC1=C(N=C(O1)C2=CC=C(C=C2)C3=CC=CC=C3)CCOC4=CC=C(C=C4)OC(C)(C)C(=O)O
D03PGV	CC(C)C1=CC=C(C=C1)NC(=O)C(C2=CC=CC=C2)N(C)C(=O)CC3=CNC4=CC=CC=C43
D01ZCI	CCCCCCCCCCCCCCCC(=O)OCC(COP(=O)(O)OC1C(C(C(C(C1O)OP(=O)(O)O)O)OP(=O)(O)O)O)OC(=O)CCCCCCCCCCCCCCC
D01VKI	CC(C)CC(C(=O)NC(CCSC)C(=O)N)NC(=O)CNC(=O)C(CC1=CC=C(C=C1)O)NC(=O)C(CC2=CC=CC=C2)NC(=O)C(CCCCN)NC(=O)C(CC(=O)N)NC(=O)C3CCCN3C(=O)C(CC(=O)O)NC(=O)C(C)NC(=O)C4CCC(=O)N4
D05JXE	CC(C)CCCC(C)CCCC(C)CCCC(C)CC(=O)O
D0L8NF	CCCCCCCCCCCCCCC(C(C(COP(=O)(O)O)N)O)O
D07ZAJ	CCCCCCCCC=CCCCCCCCC(=O)OCC(COP(=O)(O)OC1C(C(C(C(C1O)OP(=O)(O)O)OP(=O)(O)O)O)O)OC(=O)CCCCCCCC=CCCCCCCCC
D04UHT	CC(C)C(C(=O)O)NC(=O)C1CSSCC(C(=O)NC(C(=O)NC(C(=O)NC(C(=O)NC(C(=O)N1)CC2=CC=C(C=C2)O)CCCCN)CC3=CNC4=CC=CC=C43)CC5CCCCC5)NC(=O)C(C)N
D01HUN	C1=CC(=C(C=C1C(CC(=O)NC(=NCCCC2=CN=CN2)N)C3=NC=CN3)F)F
D0AU0F	CC1=C(N=CN1)CSCC(=O)NC(=NCCCC2=CN=CN2)N
D0Y9IB	C1=CC=C(C=C1)C(CC(=O)NC(=NCCC2=CN=CN2)N)C3=CC=CC=C3
D0UG1U	C1=CC(=CC=C1C(CC(=O)NC(=NCCCC2=CN=CN2)N)C3=CC=C(C=C3)F)F
D02OAJ	C1=CN(C(=O)NC1=O)C2C(C(C(O2)COP(=O)(O)OP(=O)(O)OP(=S)(O)O)O)O
D0S4MN	CC1CCC2C(C3(C(CC4(C5CCC6C7(C5(CC4(C3CN2C1)O)OC6(C(CC7)OC(=O)C8=CC(=C(C=C8)OC)OC)O)C)O)O)O)(C)O
D09WBJ	C1CN(CCN1CC2=NN3C=CC=CC3=C2)C4=CC=C(C=C4)Cl
D07XUM	COC(=O)C1=C(N=CC=C1)N2CCN(CC2)CCCC(C3=CC=C(C=C3)F)C4=CC=C(C=C4)F
D0M9ZX	CN(C)CCC(C1=CC=C(C=C1)Cl)NC(=O)C2=CC=C(C=C2)C3=CC=CC=C3
D05TNX	C1C(C(C(C1O)C=CC(COC2=CC=CC(=C2)C(F)(F)F)O)CC=CCCCC(=O)O)O
D0M0YH	CC(C)CC(C(=O)NC(CC1=CC=CC=C1)C(=O)O)NC(=O)C(CCSC)NC=O
D06DRY	C1C(N(CC1(C(=O)O)N)C(=O)C=CC(=O)O)C(=O)O
D06XTT	CC1=C(C(=C(N1)C)C(=O)OC)C(=O)C2=CC=CC=C2CC3=CC=CC=C3
D0L9ZQ	CN1CC(C=C2C1CC3=CNC4=CC=CC2=C34)C(=O)O
D01APL	CN1CC(C=C2C1CC3=CNC4=CC=CC2=C34)CO
D02GEQ	CC(=O)OCC(COP(=O)([O-])OCCN)O
D0M1UA	CC(=O)OCC(COP(=O)(O)OC1C(C(C(C(C1O)O)O)O)O)O
D0M8IT	CCCCCCCCCCCCCCCCCC(=O)OCC(COP(=O)(O)OCC(C(=O)O)N)O
D0BN1U	C1CC(=O)C(C1C=CC(COC2=CC=CC=C2)O)CCCCCCC(=O)O
D07GXY	C1CN(CCN1CC2=CC3=C(C=C2)OCO3)C4=NC=CC=N4
D0S6BX	CN(C(CC1=CC=CC=C1)C(=O)N2CCCC2C(=O)N)C(=O)C3CCCN3C(=O)C(CC4=CC=C(C=C4)O)N
D0B6MQ	C1=CN(C(=O)N=C1N)C2C(C(C(O2)COP(=O)(O)O)O)O.C1=NC(=O)C2=C(N1)N(C=N2)C3C(C(C(O3)COP(=O)(O)O)O)O
D0W1ZW	CCCCCCCCC1=CC(=CC=C1)C2CC(C2)(COP(=O)(O)O)N
D0PI4H	CCCCCCCCC=CCCCCCCCC(=O)NC(CC1=CC=C(C=C1)OCC2=CC=CC=C2)COP(=O)(O)O
D06GFH	CCCCCCCCC1=CC(=CC=C1)NC(=O)C(CCP(=O)(O)O)N
D0LL7N	CC1=CC(=C2C=CC=C(C2=N1)OCC3=C(C=CC(=C3Cl)N(C)C(=O)CNC(=O)C=CC4=CC=C(C=C4)C(=O)NC)Cl)OCC5=CC=CC=N5
D0A3YN	CC(=O)NC1=NC=C(C=C1)C=CC(=O)NCC(=O)N(C)C2=C(C(=C(C=C2)Cl)COC3=CC=CC4=C3N=C(N4CC5=CC=CC=N5)OC)Cl
D06DYN	CCCCCCCCC1=CC=C(C=C1)CCC(CO)(COP(=O)(O)O)N
D0PL0Y	C[N+](C)(C)CC1=CC=CO1
D07ZNP	CCC(C)C(C(=O)NCC1=CC(=CC=C1)C(=O)N2CCC(CC2)CN)NC(=O)C(CC3CCCCC3)NC(=O)C4=CC=NO4
D0Q1HN	C1=CC(=C(C=C1[N+]2=NOC(=N)[N-]2)Cl)Cl
D0K8VA	CC12CCCC(=CC=C3CC(CC(C3=C)O)O)C1CCC2C(CCCC(C)(C)O)CCCC(C)(C)O
D0J6JT	C1CN(CCN1)C2=CC(=CC=C2)Cl
D02BOW	C[N+](C)(C)CC#CCOC(=O)NC1=CC(=CC=C1)Cl.[Cl-]
D03OCS	CCC1C(C(C(C(=O)C(CC(C(C(C(C(C(=O)O1)C)OC2CC(C(C(O2)C)O)(C)OC)C)OC3C(C(CC(O3)C)N(C)CC)O)(C)O)C)C)O)(C)O
D03FQP	CCC1C(C(C(C2=C(CC(O2)(C(C(C(C(C(=O)O1)C)OC3CC(C(C(O3)C)O)(C)OC)C)OC4C(C(CC(O4)C)N(C)C)O)C)C)C)O)(C)O
D06ZDF	CCC1C(C(C(C2=C(CC(O2)(C(C(C(C(C(=O)O1)C)OC3CC(C(C(O3)C)O)(C)OC)C)OC4C(C(CC(O4)C)N(C)C)O)C)C)C)O)C
D08LVH	CC(C)(CCCCCCCCCCC(C)(C)CC(=O)O)CC(=O)O
D01BTF	CC(C)C1C(=O)NCC(=O)NC(C(=O)NC(C(=O)NC(C(=O)NC(C(=O)N2CCCC2C(=O)NC(CSSCC(C(=O)NC(C(=O)N1)CCSC)NC(=O)C(CCCNC(=N)N)NC(=O)C(CCSC)NC(=O)C(C(C)O)NC(=O)C(CC(=O)O)N)C(=O)NC(CC3=CNC4=CC=CC=C43)C(=O)NC(CCC(=O)O)C(=O)NC(C(C)C)C(=O)O)CCCNC(=N)N)CC5=CC=C(C=C5)O)C(C)C)CCCNC(=N)N
D0A1GQ	C(CC(C(=O)O)N)CC(C(=O)O)N
D0W2TQ	CC1C(=O)C(=C(CN1)COP(=O)(O)O)CNC(C=COCCN)C(=O)O
D01BJB	CC(=O)C1C(CC2C1(CCC3C2CC=C4C3(CCC(C4)O)C)C)C#N
D0JK0I	CC(C)NCC(COC1=CC=C(C=C1)O)O
D0EN7T	CC(C)CCCC(C)CCCC(C)CCCC(C)C(=O)O
D0Y8UF	CCCC1=C(N(N=C1C2=CC=C(C=C2)O)C3=CC=C(C=C3)O)C4=CC=C(C=C4)O
D0P4GP	C1=CN(C(=O)NC1=S)C2C(C(C(O2)COP(=O)(O)OP(=O)(C(F)(F)P(=O)(O)O)O)O)O
D0HI5B	CCCCC1CCC(CC1)C2=NC(=NO2)C3=CC=NC=C3
D01VZL	CC(C)(C)OC(=O)N1CCC(CC1)OCC2=NC(=NO2)C3=CC=NC=C3
D0K8DZ	CN(C)CCCCCC1=CN=CN1
D0Q8NO	C1=C(NC=N1)CCCSC(=N)N
D0MP8E	C(CSC(=N)N)N=C(N)N
D0W6RV	C1CC2C(C1)N3CCNCC4=C3C2=CC=C4
D06SCS	C1=CC(=CC=C1C2=NC3=C(O2)C(=CC(=C3)O)Br)O
D01OIK	C1COCCN1C(=O)NCCNCC(COC2=CC=C(C=C2)O)O
D05RRZ	CC(C)N(C1=CC=C(C=C1)N(C)C)C(=O)CN2C3=CC=CC=C3N(C(=O)C(C2=O)NC(=O)NC4=CC=CC=C4)C5=CC=CC=C5
D0J4BF	CC(C(C(=O)NC(CC1=CC=CC=C1)C(=O)O)NC(=O)CNC(=O)C(CCC(=O)N)NC(=O)C(CO)NC(=O)C(CC2=CN=CN2)N)O
D09LPG	CC(=O)N1CCCC(C1)C2=CNC3=C2C=C(C=C3)OC
D02VIZ	CC(=O)NCCN1CCC2=C1C3=C(C=C2)OCC3
D0G8FF	C1=CC=C(C(=C1)C=O)SCCCN2C(=O)C3=CC=CC4=C3C(=CC=C4)C2=O
D0E9AY	CC1=CC(=C(C(=C1C(=O)O)O)CC=C(C)CCC=C(C)CCC=C(C)C)O
D0CT1F	CC(CCCC(C)(C)OC)CC=CC(=CC(=O)O)C
D09BLB	CCCCCCCCCCCCCCCCOCC(COP(=O)([O-])OCC[N+](C)(C)C)OC(=O)NC
D0WO3A	CC1=CC=C(O1)C[N+](C)(C)C
D0G3OY	CNCCC1=CN=C(N1)CCC(C2=CC=CC=C2)C3=CC=CC=C3
D06JXH	CSCCC(C(=O)NC(CCCCN)C(=O)NC(CCCN=C(N)N)C(=O)N1CCCC1C(=O)N2CCCC2C(=O)NCC(=O)NC(CC3=CC=CC=C3)C(=O)NC(CO)C(=O)N4CCCC4C(=O)NC(CC5=CC=CC=C5)C(=O)NC(CCCN=C(N)N)C(=O)O)N
D0YA7R	CN1C(CCC1=O)C(=O)NC(CC2=CN=CN2)C(=O)N3CCCC3C(=O)N
D06SDD	C1C(=O)C2C(C1(C(=O)O)N)C2(C(=O)O)F
D08RQW	C1CC1(CC2=CN=C(N2)CC(C3=CC=C(C=C3)N4C=CC=N4)(C(F)(F)F)O)C(F)(F)F
D00AII	COC1=CC(=CC(=C1)C=CC2=CC=C(C=C2)O)OC
D0WB8E	CC(C)C1=C(C(=O)N(N1C)C2=CC=CC=C2)NC(=O)NC3=CC=C(C=C3)Cl
D0C3HQ	CCCCOC1=CC=C(C=C1)C(=O)NN2C(NC3=CC=CC=C3C2=O)C4=CC=C(C=C4)OC
D07BAH	CC(CC1=CC=CC=C1)N
D04SEX	CCC1CC2=C(C=CC(=C2)O)C3=C1C4=C(CC3CC)C=C(C=C4)O
D0E1EC	CC(C)C(C(=O)NCC(=O)NC(CC1=CN=CN1)C(=O)NC(CC2=CC=CC=C2)C(=O)NC(CCSC)C(=O)N)NC(=O)C(C)NC(=O)C(CC3=CNC4=CC=CC=C43)NC(=O)C(CCC(=O)N)NC(=O)C5CCCN5C(=O)C(C(C)C)NC(=O)C6CCC(=O)N6
D09TNC	CCCCC(C(=O)NC(CC(=O)O)C(=O)NC(CC1=CC=CC=C1)C(=O)N)N(C)C(=O)C(CC2=CNC3=CC=CC=C32)NC(=O)CC(=O)O
D08XGH	CC1=C(N=C(O1)C2=CC=CC=C2)CCOC3=CC=C(C=C3)CC4C(=O)NOC4=O
D0P0KG	CCC=CCC(C=CC=CC=CC=CC(C(CC=CCCC(=O)O)O)O)O
D0OF3B	CCC(C)C(C(=O)NC(CC(C)C)C(=O)O)NC(=O)C(CC1=CNC2=CC=CC=C21)NC(=O)C3CCCN3C(=O)C(CCCNC(=N)N)NC(=O)C(CCCCN)NC(=O)C4CCCN4C(=O)C(CC5=CN=CN5)NC(=O)C(CC6=CC=CC=C6)NC(=O)C(CO)NC(=O)C(CC(C)C)NC(=O)CNC(=O)C(CCCCN)NC(=O)C(C(C)C)NC(=O)C(CCCNC(=N)N)NC(=O)C(C)NC(=O)C(CO)NC(=O)C(CCCCN)NC(=O)C(C(C)O)NC(=O)C(CCC(=O)O)NC(=O)C(CC7=CC=CC=C7)NC(=O)C(CCCCN)NC(=O)C(C(C)O)NC(=O)C(CC(C)C)NC(=O)C(CCSC)N
D0Y2JI	CC1=C(C(=CC=C1)C)NC2=NCCCS2
D0DX8T	CC(C)C1=CC=C(C=C1)C=NNC(=O)C2=CC=C(C=C2)O
D0Z0KY	CC(C1=CC(=C(C=C1)N2CCN(CC2)C(=O)C3=C(C=CC(=C3)S(=O)(=O)C)C4=CC=C(C=C4)F)F)OC
D0R1ZD	CS(=O)(=O)C1=CC(=C(C=C1)C2=CC=C(C=C2)F)C(=O)N3CCN(CC3)C4=C(C=C(C=C4)N)F
D0I8TR	CC1=CC(=O)C(=CC1=NOS(=O)(=O)C2=CC=CC=C2)C3CCCCC3
D0W2FU	CC1=CC=C(C=C1)S(=O)(=O)N2CCCCC2C(=O)NC3=NC(=CS3)C4=CC=C(C=C4)OC
D0E3FR	CC1=NN(C(=C1)NC(=O)NC2=CC(=C(C=C2)F)F)C3=CC=CC=C3
D04PBD	C1CN(CCN1CC2=CC(=C3C=CC=NC3=C2O)Cl)C4=CC=CC=N4
D0S3XI	COC(=O)C=CC(=O)[O-]
D07ZQB	CCNC(=O)C1C(C(C(O1)N2C=NC3=C(N=CN=C32)NCC4=CC=C(C=C4)OC)O)O
D05GQK	CN1C2=CC=CC=C2C(=NC(C1=O)CC3=CNC4=CC=CC=C43)C5=CC=CC=C5F
D0RD0R	CC1(CCC(C2=C1C=CC(=C2)C(=O)NC3=CC=C(C=C3)C(=O)O)(C)C)C
D07FTI	C1=CC=[N+](C(=C1)[S-])[O-].C1=CC=[N+](C(=C1)[S-])[O-].[Zn+2]
D0A0KP	CC(C)(CC1=CC=CC=C1)NCC(C2=CC(=C(C=C2)O)NS(=O)(=O)C)O
D03DTZ	C1CN(CCN1CCOCCO)CC2=CC(=CC=C2)OC3=CC=CC=C3.Cl.Cl
D00QTX	C1CCC(CC1)C(C=CC2C(CC(C2CC=CCCCC(=O)O)Cl)O)O
D09CUJ	C1=C(C(=CC(=C1O)O)F)C(CN)O
D0S6SN	CC(=O)NCCC1=CNC2=CC(=C(C=C21)OC)O
D0R1MM	CCCCCCCCNC1=CC(=O)NC(=O)N1
D02JXQ	CC(CCCC(C)(C)O)C1CCC2C1(CCC3C2C(C=C4C3(CCC(C4)O)C)O)C
D04BOQ	CC(CCCC(C)C1CCC2C1(CCC3C2C(C=C4C3(CCC(C4)O)C)O)C)CO
D0K5QH	CC(C)CCCC(C)C1CCC2C1(CCC3C2C(C=C4C3(CCC(C4)O)C)O)C
D0L7PI	CC(CCCC(C)(C)O)C1CCC2C1(CCC3C2C(C=C4C3(CCC(C4)O)C)O)C
D0H7NV	CC(CCCC(C)C1CCC2C1(CCC3C2C(C=C4C3(CCC(C4)O)C)O)C)CO
D0FB7S	CC(C)CCCC(C)C1CCC2C1(CCC3C2C(C=C4C3(CCC(C4)O)C)O)C
D01USH	CC(C)CCCC(C)C1CCC2C1(CCC3C2C(C=C4C3(CCC(C4)O)C)O)C
D0K0FI	C[Si](C)(C)[Si](C)(C)CCNC(=O)OCC1CO1
D0YB0K	CCCN(CC=CI)C1CCC2=C(C1)C(=CC=C2)O
D0K6TI	CCCCCC=CCC=CC=CC(CC=CCCCC(=O)O)O
D0HH9N	CC(C)CCCC(C)C1CCC2C1(CCC3C2CCC4C3(CCCC4)C)C
D08NQW	C1=CC(=C(C=C1O)C(C(=O)O)N)Cl
D05SFA	CCC#CCC(C)C(C#CC1C(CC2C1CC(=CCOCC(=O)O)C2)O)O
D02SMK	CC1=CC2=C(C=C(C=C2)OC)N3C1=NN=C3SCC(=O)NC4=NC(=CS4)C5=CC=C(C=C5)F
D0Q9GU	CN(C1=CC=CC=C1)S(=O)(=O)C2=CC=C(C=C2)NC(=S)NC(=O)C=CC3=CC=CC=C3OC
D0G3TV	CC1=C(C(=CC=C1)N2CCN(CC2)C(=O)C3=C(C=CC(=C3)S(=O)(=O)N(C)C)N4CCCC4)C
D0Y2JY	CC(=O)NCCC1=C(CC2=C1C3=C(C=C2)OCC3)CC4CCCCC4
D0T2QL	C1=CC=C(C=C1)C=CC(=O)O
D06QKW	C1CC1C2=CC=CC=C2OCC3=NCCN3
D01BXE	C1=CC(=CC=C1C2=C(N3C=CSC3=N2)C=NOCC4=CC(=C(C=C4)Cl)Cl)Cl
D0O9ES	C1C(C(C(C1O)C=CC(COC2=CC(=CC=C2)Cl)O)CC=CCCCC(=O)O)O
D01GPC	CS(=O)(=O)C1=CN=C(C=C1)OCCC2CC2C3CCN(CC3)C4=NC=C(C=N4)Cl
D02GRY	CCC1(C(=O)C=C(O1)C(=O)O)C2=CC=CC=C2
D0BB0O	CSC1=NC(=C2C(=N1)N(C=N2)C3C(C(C(O3)COP(=O)(O)OP(=O)(O)O)O)O)N
D08PJK	C1=CC2=C(C=C1C(=O)N)C(=CN2)CCN
D0N8BJ	C1=CC2=C(C=C1O)C(=CN2)CCN
D0US4S	CCCCCC=CCC=CCC=CC=CC(=O)CCCC(=O)O
D03PYX	CCCN(CCC)C1CCC2=C(C1)C=C(C=C2)O
D0O3GF	CCCN(CCC)C1CCC2=C(C1)C(=CC=C2)O
D0SZ4T	CCCCCC=CC=CC(CCCCCCCC(=O)O)O
D07VBS	CC1=CC(=CC=C1)NC(=O)CN2CCC(CC2)C3=CC=CC=N3
D07OAF	CS(=O)(=O)NC1=C(C=CC2=C1CCCC2C3=NCCN3)O
D0I4DJ	CC(=O)NCCN(C)C1=CC(=CC=C1)OCCCCC2=CC=CC=C2
D0PM5R	CNC(=O)C1C(C(C(O1)N2C=NC3=C(N=CN=C32)NCC4=CC=C(C=C4)N)O)O
D03WPE	CCNC(=O)C(=O)NC1=NC(=C2C(=N1)N(C=N2)C3C(C(C(O3)CO)O)O)NC4=CC=CC=C4
D0S3UM	CCCCCC1=C(C(=CC(=C1)O)O)C2C=C(CCC2C(=C)C)C
D07TVE	C1C2C1C3=C(C2)C(=NN3)C4=NNN=N4
D0VA7C	CC(C)(C)OC(=O)N1CCC(CC1)C2CCN(CC2)C3=CN=CC=C3
D06KHW	CC(C)OC(=O)N1CCN(CC1)C2=C(C=C(C=N2)C3=CC4=NC=CN=C4C=C3)C#N
D09JXR	C1CC1N(C2=NC(=CS2)C3=C(C=CC(=C3)Cl)Cl)C(=O)C(CC4=CC=CC=C4)CC(=O)O
D0I0LW	CC(C)CCC(C(=O)NC(CN)C(=O)N1CCCC1C(=O)NC(CCCN=C(N)N)C(=O)NC(CC(=O)N)C(=O)N)NC(=O)C(CC(C)C)NC(=O)CCC2CCCCC2
D0T2KY	C1=CSC=C1CN(CC2=CSC=C2)C3=NNC(=C3)C(=O)O
D0G1UE	CC1=C(C(=O)NO1)CC(C(=O)O)N
D0R1XY	C1CCC(C1)NC2=C3C(=NC(=N2)Cl)N(C=N3)C4C(C(C(O4)CO)O)O
D09RRF	CCCCOCCOC1=C(SC(=N1)C2=CC(=C(C=C2)C(=O)O)F)C
D05QYR	CCCCCCCCC1=CC=C(C=C1)C2=CC=C(C=C2)C(=O)O
D0R8GW	CN(C)CCC1(CC2=CC=CC=C2C(=O)O1)C3=CC=C(C=C3)Cl
D0C6QI	CC(=O)OC1=CC2=C(CCC3C2(CCCC3(C)C(=O)OC(=O)C4(CCCC5(C4CCC6=C5C=C(C=C6)OC(=O)C)C)C)C)C=C1
D0A1MW	CCN1CC2(C(CC(C34C2C(C(C31)C5(C6C4CC(C6OC(=O)C7=CC=CC=C7)(C(C5O)OC)O)OC(=O)C)OC)OC)O)COC
D0W3PY	C1C(C(CC1(C(=O)O)N)C(=O)O)C(=O)O
D00EOP	CC1=C(N=C(O1)C2=CC=CC=C2)CCOC3=CC=C(C=C3)CC4C(=O)NC(=O)S4
D05NWF	C1=NC(=C2C(=N1)N(C=N2)C3C(C(C(O3)COP(=O)(O)OP(=O)(O)O)O)O)N
D0E9LJ	C1=NC(=C2C(=N1)N(C=N2)C3C(C(C(O3)COP(=O)(O)OP(=O)(O)OCC(C(C(C=O)O)O)O)O)O)N
D05KEE	CCCCCCCOC1=CC=C(C=C1)CCC(C)(COP(=O)(O)O)N
D0H4UN	C1CN(CCN1CC2=CN3C=C(C=CC3=N2)Cl)C4=NC=C(C=C4)C#N
D0M9DD	C1CC(N(C1)C(=O)C(CCCN=C(N)N)NC(=O)C(CC2=CC=CC=C2)NC(=O)C(CC3=CC4=CC=CC=C4C=C3)NC(=O)CCC5=CN=CC=C5)C(=O)NC(CCCN=C(N)N)C(=O)NC(CC(=O)N)C(=O)N
D06WXN	CN1C(=CC=N1)C2CC3=C(C2)NN=C3C(=O)O
D0X3NW	CC(C)(C)OC(=O)N1CCC(CC1)SC2=NC=NC3=C2C=NN3C4=C(C=C(C=C4)S(=O)(=O)C)F
D0D6OH	CCCCCCC(C)(C)C1=CC(=C(C=C1)C2CC(CCC2CCCO)O)O
D0Y3DW	C1C2CNCC1C3=CC=CC(=O)N3C2
D02WJT	CC1=CC=CC=C1NC(=NC2=CC=CC=C2C)N
D05YNT	CC(C)(C1CC23CCC1(C4C25CCN(C3CC6=C5C(=C(C=C6)O)O4)CC7CC7)OC)O
D0O2WX	CCCCCC(C=CC1C(CC2C1C(C(=CCCCC(=O)O)O2)(F)F)O)O
D09DAP	COC1=CC2=C(C=C1)N=C(N2)SCC(=O)NC3=CC=C(C=C3)[N+](=O)[O-]
D01VLV	COC1=CC2=C(C=C1)N=C(N2)SCC(=O)NC3=CC=C(C=C3)SC
D0Q8TJ	COC1=C(C=CC(=C1)C=NNC(=O)C2=CC3=C(C=C2)OCO3)OCC4=CC=CC=C4
D0MU1V	COC1=CC=C(C=C1)CCNC(=O)NC2=CC=C(C=C2)Cl
D07FLX	CCCCCC(CCC1C2CC(C1CC=CCCCC(=O)O)OC(=O)O2)O
D08TWT	CCCCCC(C=CC1C2CC(C1CC=CCCCCO)OC(=O)O2)O
D02OAI	CC1(CCC(C2=C(C(=C(C=C21)NC(=O)C3=CC(=C(C(=C3)F)C(=O)O)F)O)Br)(C)C)C
D01IJD	CCCCCC(C1=CC=C(C=C1)C2CCC(=O)C2CCCCCCC(=O)O)O
D0A6NQ	C1C2CC3CC1CC(C2)(C3)C4=C(C=CC(=C4)C5=CC6=C(C=C5)C=C(C=C6)C(=O)O)O
D0L4IV	C1C(C(C(O1)C=CC(COC2=CC(=CC=C2)Cl)O)CCC=CCCC(=O)O)O
D09HJL	CC(CC1=CNC2=C1C3=C(C=C2)OCCC3)N
D05VOG	C1C(C(C(C1F)C=CC(C2CC3=CC=CC=C3C2)O)CC=CCCCC(=O)O)O
D01VIX	C1CC2(CCC1CC(=O)O)CCN(CC2)C3=C(C=CC(=C3)OC(F)(F)F)Cl
D0UH9E	CC1=C(C=CC(=C1)OC2=C(C=C(C=N2)C(F)(F)F)Cl)CC3C(=O)NC(=O)S3
D0B6WH	CN1CCCC1CC2=CNC3=C2C=C(C=C3)CCS(=O)(=O)C4=CC=CC=C4
D0R4RN	C1CC2C(CC1N2)C3=CN=C(C=C3)Cl
D01STE	CCCCCCCCCCCCCCCCCCOCC(COP(=O)(O)O)O
D0X0OP	CCCCCCCCC=CCCCCCCCCOCC(COP(=S)(O)O)OC
D0Q5SV	CC1C(C(OC1COP(=O)(CP(=O)(O)O)O)N2C=CC(=O)NC2=S)C
D0D5OY	CCCCCCCCC=CCCCCCCCC(=O)OCC(CC(F)P(=O)(O)O)OC
D09KQZ	C(CC(=O)O)C(=O)C(=O)O
D0C5SV	CCC=CCC=CCC=CCCCCCCCC(=O)O
D09OYA	CC(CC1=CNC2=C1C=C(C=C2)O)N
D0V6KN	CNC1=NC(=CC(=N1)NCC2=C(C=C(C=C2)Cl)Cl)C3=CC=CC=N3
D01EOQ	CC1=NN(C(=O)C(=C1)CC2=CC(=CC=C2)OC)C(C3=CC=CC=C3)C(=O)NC4=CC=C(C=C4)Br
D0A1SP	CCCC1=C(C=CC(=C1)OC2=CC=CC=C2)OCCC3=CC4=C(N3)C=CC(=C4)CC(=O)O
D03TNT	CC12CCC(=O)C=C1CCC3C2C(CC4(C3CCC4C(=O)CO)C)O
D00FHZ	C1CNCC=C1C2=CNC3=C2NC(=O)C=C3
D0K3UL	C1CN(CCN1CC2=CC3=C(N2)C=CC(=C3)F)C4=CC=CC=N4
D09SCS	CCCCCCC(C)(C)C1=CC(=C(C=C1)C2CC(CC3C2CC(CC3)CO)O)O
D02HHW	CC1=NOC(=C1)OCC2=C(C=C(C=C2)Cl)CNC3=C4C(=NC=N3)N(C=N4)C5C(C(C(O5)C(=O)NC)N)O
D0Y6FA	C1CC(=O)N(C1CCC(CC2=CC(=CC=C2)C(F)(F)F)O)CCCC3=CC=C(S3)C(=O)[O-]
D01KPN	CC(C)C1=CC=C(C=C1)CC(=O)N2CCCC(C2)C3=CC(=CC=C3)OC(C)(C)C(=O)O
D0T8JM	CCCCCCCN(CCC1=CC=C(C=C1)OC(C)(CC)C(=O)O)C(=O)NC2=C(C=C(C=C2)F)F
D0K8VR	CCCCCCC(C)(C)C1=CC(=C2C3CC(CCC3C(OC2=C1)(C)C)CO)O
D04PFN	CC(=C)C1CNC(C1CC(=O)[O-])C(=O)[O-]
D07HQZ	CCN(CC)C(=O)C1CN(C2CC3=CNC4=CC=CC(=C34)C2=C1)C
D0Q7BG	CC#CC(CC(=O)O)C1=CC=C(C=C1)OCC2=CC(=CC=C2)C3=CC=C(C=C3)C(F)(F)F
D0SG6A	CNCC(C1=CC(=CC=C1)NS(=O)(=O)C)O
D00PQC	C1=CN(C(=O)N=C1N)C2C(C(C(O2)COP(=O)(O)OP(=O)(O)OP(=O)(O)O)O)O
D03NXZ	COC1=CC=C(C=C1)C2=NC(=C3C(=N2)N(C=N3)C4C(C(C(O4)CO)O)O)N
D06NRX	C1=CC=C(C=C1)NC2=NC(=C3C(=N2)N(C=N3)C4C(C(C(O4)CO)O)O)N
D07PHS	CC(C)CC(C(=O)NC(CC(=O)N)C(=O)NC(CC1=CC=CC=C1)C(=O)NC(C(C)O)C(=O)NCC(=O)NC(CCSC)C(=O)N2CCCC2C(=O)N3CCCC3C(=O)NC(C)C(=O)NC(CC(=O)O)C(=O)NC(CCC(=O)O)C(=O)NC(CC(=O)O)C(=O)NC(CC4=CC=C(C=C4)O)C(=O)NC(CO)C(=O)N5CCCC5C(=O)N)NC(=O)C(CC(=O)O)NC(=O)C(CC(=O)O)NC(=O)C(CC6=CC=CC=C6)NC(=O)C(CC(=O)O)NC(=O)C(CC7=CNC8=CC=CC=C87)NC(=O)C(CCSC)NC(=O)C
D05SYL	CCOC1=C(C=C(C=C1)C2=NC(=NO2)C3=CC=NC=C3)OCC
D00ZXX	CCOC1=C(C=C(C=C1)C2=NC(=NO2)C3=C4CCC(C4=CC=C3)NCCO)OCC
D00DIF	CC1=CC(=NC(=N1)N2C(=CC(=N2)C)C)NC3CCCCC3
D0LK5P	CCCCCC=CCC=CC=CC=CC(C(CCCC(=O)O)O)SCCC(=O)NCC(=O)O
D0N9UZ	C1C(C1C(CC2C3=CC=CC=C3OC4=CC=CC=C24)(C(=O)O)N)C(=O)O
D01ETZ	CC1(CCC2C1(C=CC3=C4CCC(=O)C=C4CCC23)C)O
D06VZE	CC1CC2=CC(=O)CCC2C3C1C4CCC(C4(CC3)C)(C)O
D0I5CT	CC1=C(SC(=N1)N)CCN
D00CDF	CC(=O)NC1=CC=C(C=C1)OCC(C)(C(=O)NC2=CC(=C(C=C2)[N+](=O)[O-])C(F)(F)F)O
D0D9AS	CCC(C)C(C(=O)NC(CC1=CN=CN1)C(=O)N2CCCC2C(=O)NC(CC3=CC=CC=C3)C(=O)O)NC(=O)C(CC4=CC=C(C=C4)O)NC(=O)C(C(C)C)NC(=O)C(CCCN=C(N)N)N
D00QYH	CC(C)CC(C(=O)NC(CO)C(=O)NC(CC1=CN=CN1)C(=O)NC(CCCCN)C(=O)NCC(=O)N2CCCC2C(=O)NC(CCSC)C(=O)N3CCCC3C(=O)NC(CC4=CC=CC=C4)C(=O)O)NC(=O)C(CCCN=C(N)N)NC(=O)C5CCCN5C(=O)C(CCCN=C(N)N)NC(=O)C(CCC(=O)N)N
D0A8EK	C1=CC(=CC=C1CCNC2=C3C(=NC=N2)N(C=N3)C4C(C(C(O4)CO)O)O)N
D0R5QF	CC(C)C1=NOC(=N1)C2CCN(CC2)C3=NC=NC(=C3[N+](=O)[O-])NC4=C(C=C(C=C4)S(=O)(=O)C)F
D03QFD	COC1=C(C=CC(=C1)[N+](=O)[O-])S(=O)(=O)N2CC(C(C2)C3=CC(=CC=C3)F)CN4CCN(CC4)C5=CC=CC=N5
D00VCW	CCCCCC=CCC=CCC=CCC=CCCCC(=O)NCCCl
D02HDI	CCCCCC=CCC=CCC=CCC=CCCCC(=O)NC1CC1
D0I9LU	CN1CCC=C(C1)C(=O)OCC#C
D04ZMM	COC1=CC(=CC(=C1)C(=O)NNC(=O)NC2=CC3=CC=CC=C3C=C2)OC
D0K8ZZ	CCNC(=O)C1C(C(C(O1)N2C=NC3=C(N=CN=C32)N)O)O
D0E1PL	CC1=CN=C(C=C1)CNCC2(CCN(CC2)C(=O)C3=CC(=C(C=C3)F)Cl)F
D08SLS	C1=CC=NC(=C1)C(CCNC(=NCCCC2=CN=CN2)N)C3=CC=C(C=C3)F
D00GTC	CC1=CC(=NC(=N1)C2=CC=C(C=C2)Br)NCCO
D0X9YS	CC1=C(C(=NN1C)C)C2=CC=CC3=C2CCC(C3)N(C)C
D0KI5P	CC(C(=O)NC1=CC=CC=C1)SC2=NN=C(N2C3=CC=C(C=C3)OC)C4=CC=CC=C4OC
D00DPX	COCCN1C(=NN=N1)C(C2=CC3=C(C=CC(=C3)OC)NC2=O)N(CCC4=CC=CC=C4)CC5=CC=CC=C5
D07ZGV	COC1=CC=C(C=C1)CNC(=O)C(C2=CC=C(C=C2)O)N(CC3=CC=CO3)C(=O)C4=C(C(=NS4)C(=O)N)N
D0Z2TV	COC1=CC=C(C=C1)N(C(C2=CC=C(C=C2)F)C(=O)NCC3CCCO3)C(=O)CN4C5=CC=CC=C5N=N4
D0J4RI	C1CN(CCC1C2=NC3=C(C(=O)N2)N=NN3CC4=CC=CC=C4Cl)C(=O)NC5=CC=C(C=C5)C(F)(F)F
D07PSF	CCCCCC(C=CC=CC=CC=CC(C(CCCC(=O)O)O)O)O
D05PYO	CCC=CCC(C=CC=CC=CC=CC(C(CC=CCCC(=O)O)O)O)O
D0H1EB	CC(COC1=CC=C(C=C1)F)C=CC=CC=CC=CC(C(CCCC(=O)O)O)O
D01URR	CC1=C(C=CC(=C1)C2=CC(=C(N=C2)N3CCC(CC3)C4=NC(=NO4)C(C)C)C#N)C#N
D0J0NS	CCCCC(C(=O)NC(CC(=O)O)C(=O)NC(CC1=CC=CC=C1)C(=O)NC(=O)C(CC2=CNC3=CC=CC=C32)NC(=O)C(=O)CNC(CCCC)NC(=O)C(CC4=CC=C(C=C4)OS(=O)(=O)O)NC(=O)CC)NC
D04ULI	CCCCCC(C=CC1C(CC(C1CC=CCCCC(=O)O)O)O)O
D06DUE	C(C(C(=O)O)N)N1C(=O)NC(=O)O1
D0S3WN	C1=NC(=C2C(=N1)N(C=N2)C3C(C(C(O3)COP(=O)([O-])OP(=O)([O-])OP(=S)([O-])[O-])O)O)N
D03BRM	C1=CC=C(C=C1)C2=C(C=C(C=C2)C3=CC4=C(S3)C=CC(=C4)CNCCC(=O)O)C(F)(F)F
D02VJX	CCNC(=O)NS(=O)(=O)C1=C(C=C(S1)CC(C)C)C2=CC=C(C=C2)CN3C(=C(N=C3C4=CC=CC=C4)OC)C=O
D03YUL	CC(C)(C)N1C(=O)C(=C(S1(=O)=O)C2=CC=CC=C2)NC3=CC=C(C=C3)N4CCCCC4
D07TAL	CC1=C(N=CN=C1OC2CC3CCC(C2)N3C(=O)OC(C)(C)C)OC4=C(N=CC=C4)C
D05VGC	CC1CCC(=C(C1)NC(=O)C(CC2=NC(=NO2)C3=NC=C(C=C3)F)N)C(=O)O
D0K2EX	CCCCOC(=O)NS(=O)(=O)C1=C(C=C(S1)CC(C)C)C2=CC=C(C=C2)CN3C=CN=C3
D01OIJ	CC1=C(N=C(N1)C(C2=CC=CC=C2)C3=CC=CC=C3)C(=O)NC(CCCN=C(N)N)C(=O)O
D00TYX	CNS(=O)(=O)CC1=CC2=C(C=C1)NC=C2CCN(C)C
D0V3OY	CN(C1CCC2(CCCO2)CC1N3CCCC3)C(=O)CC4=CC=CC=C4
D06BXT	CC1=C(C2=C3N1C(COC3=CC=C2)CN4CCOCC4)C(=O)C5=CC=CC6=CC=CC=C65
D0Q4EU	CC(C)(C1=CC=C(C=C1)OCC2CO2)C3=CC=C(C=C3)OCC4CO4
D0G9WE	CC1=CNC(=C1C(=O)OC(C)C2=CCC34C2(CC(C56C3=CCC7C5(CCC(C7)(O6)O)C)O)CN(CCO4)C)C
D0Z4HK	CCCCC(C(=O)NC(CC(=O)O)C(=O)NC(CC1=CC=CC=C1)C(=O)NC(CCCC)NC(=O)C(CC2=CC=C(C=C2)OS(=O)(=O)O)NC(=O)OC(C)(C)C)N(C)C(=O)C(CC3=CNC4=CC=CC=C43)NC(=O)CC(=O)N
D09ROS	CC(C)(C)OC(=O)N1CCC(CC1)OC2=NC=NC3=C2NC(=O)N3C4=C(C=C(C=C4)S(=O)(=O)C)F
D02RIH	CC1=C(C(C(=C(N1)C)[N+](=O)[O-])C2=CC=CC=C2C(F)(F)F)C(=O)OC
D0H3MO	CC(CC1=CC(=CC=C1)C(F)(F)F)N
D07HTM	COC1=C(C=C(C=C1)CCNCC(COC2=CC(=C(C=C2)O)O)O)OC
D0G8TM	CC1(C(=O)C=C(O1)C(=O)O)C2=CSC(=C2)Br
D09IEO	C1CC(N(C1)C(=O)C2CCCN2C(=O)C(CCCN=C(N)N)N)C(=O)NCC(=O)NC(CC3=CC=CC=C3)C(=O)NC(CO)C(=O)N4CCCC4C(=O)NC(CC5=CC=CC=C5)C(=O)O
D0Q9IU	CCC(C)C(C(=O)NC(CC1=CC=CC=C1)C(=O)NC(C(C)O)C(=O)NC(CC2=CC=C(C=C2)O)C(=O)NCC(=O)NC(CCC(=O)O)C(=O)NC(CC(C)C)C(=O)NC(CCC(=O)N)C(=O)NC(CCCNC(=N)N)C(=O)NC(CC(C)C)C(=O)NC(CCC(=O)N)C(=O)NC(CCC(=O)O)C(=O)NC(CCCCN)C(=O)NC(CCC(=O)O)C(=O)NC(CCCNC(=N)N)C(=O)NC(CC(=O)N)C(=O)NC(CCCCN)C(=O)NCC(=O)NC(CCC(=O)N)C(=O)O)NC(=O)C3CCCN3C(=O)C(C(C)C)NC(=O)C(CC4=CC=CC=C4)N
D00FUT	CC(C)CC(C(=O)O)NC(=O)C1CCCN1C(=O)C(CO)NC(=O)C(CC2=CC=CC=C2)NC(=O)CNC(=O)C3CCCN3C(=O)C4CCCN4C(=O)C(CCCN=C(N)N)N
D0Y4HL	CC(C)CC(C(=O)NCC(=O)N)NC(=O)C1CCCN1C(=O)C2CSSCC(C(=O)NC(C(=O)NC(C(=O)NC(C(=O)NC(C(=O)N2)CC(=O)N)CCC(=O)N)CC3=CC=CC=C3)CC4=CC=C(C=C4)O)N
D0GW6V	CNCC(=O)NC(CCCN=C(N)N)C(=O)N1CCCC1C(=O)N2CCCC2C(=O)NCC(=O)NC(CC3=CC=CC=C3)C(=O)NC(CO)C(=O)N4CCCC4C(=O)NC(CC5=CC=CC=C5)C(=O)O
D0BS2Q	CCC(C)C(C(=O)NC(C(C)O)C(=O)NC(CC(=O)N)C(=O)NC(CS)C(=O)NCC(=O)NC(CC(C)C)C(=O)NCC(=O)N)NC(=O)C(CC1=CC=C(C=C1)O)NC(=O)C(C=S)N
D02YBV	CC(C)C1C(=O)NC(C(=O)NC(CSSCC(C(=O)NC(C(=O)NC(C(=O)N1)CC2=CC=CC=C2)CC3=CC=C(C=C3)O)N)C(=O)N4CCCC4C(=O)NC(CCCN=C(N)N)C(=O)NCC(=O)N)CC(=O)N
D0Q9SC	CCCCCC(C=CC1CC2C(C(C1CC=CCCCC(=O)O)O2)(F)F)O
D0G5MT	CCCCCC(C=CC1CCC(=O)C1CCCCCCC(=O)O)O
D01WXZ	CCCCCC(C=CC1CCC(=O)C1CC=CCCCC(=O)O)O
D0F7XM	CCCCCC=CCC(C=CC=CC=CC(CCCC(=O)O)O)O
D0SM3V	CCCCCC(C=CC=CCC=CCCCC(=O)O)O
D0Y2XY	CCCCCC=CCC(C=CC=CCC=CCCCC(=O)O)O
D0Z5QA	CCCCCC=CCC(C=CC=CCC=CCCCC(=O)O)O
D00GHK	CCCCCC(=O)CCC1C(C(CC1=O)O)CC=CCCCC(=O)O
D0X4NG	CCCCCC(=O)CCC1C(CC(C1CC=CCCCC(=O)O)O)O
D03OYD	C1C(C(C(C1O)CCC(COC2=CC(=CC=C2)Cl)O)CCCCCCC(=O)O)O
D01HCL	CCCCCC(CCC1C(CC(=O)C1CCCCCCC(=O)O)O)O
D06AVM	CC1C(CC(=O)O1)NC(=O)CC(CCCCN)NC(=O)C(CC2=CNC3=CC=CC=C32)NC(=O)CC(CC4=CC(=CC=C4)O)NC(=O)C
D0R4GX	CC(CC(=O)O)O
D08EXR	CCC(C)C1C(=O)N2CCCC2C3(N1C(=O)C(O3)(C(C)C)NC(=O)C4CN(C5CC6=CNC7=CC=CC(=C67)C5=C4)C)O
D0S9YX	COC1=CC=C(C=C1)C2=COC3=CC(=CC(=C3C2=O)O)O
D02RQP	CC(C)(C1=CC=C(C=C1)O)C2=CC=C(C=C2)O
D0M3LK	CC1(CCC(C2=C1C=CC(=C2)C(C(=O)NC3=C(C=C(C=C3)C(=O)O)F)O)(C)C)C
D09RNF	CC1(CC=C(C2=C1C=CC(=C2)C=CC3=C(C=C(C=C3)C(=O)O)Cl)C4=CC=CC=C4)C
D07YTL	CC1(C2=C(C=C(C=C2)C(=O)NC3=CC=C(C=C3)C(=O)O)C(C1=O)(C)C)C
D0U1SF	C1=CC=C(C=C1)C2=C(OC(=N2)C3=C(OC=N3)C4=CC(=CC=C4)OCC(=O)O)C5=CC=CC=C5
D01BWV	CCCCC1(C2=C(CC(N1)C3=NC=C(N3)C4=CC=CC=C4)C5=CC=CC=C5N2)CCCC
D05JMJ	CCCCCC1(C2=C(CC(N1)C3=NC=C(N3)C4=CC=CC=C4)C5=CC=CC=C5N2)CCCCC
D0X2NO	C1CC2=CC(=C(C=C2CC1N)O)O
D08TAN	C1CN(C(=O)C1N)O
D0U7BH	CC(CC1=CC(=CC=C1)C(F)(F)F)N
D04DKM	C1CC(CC1C(=O)O)(C(=O)O)N
D0M8DU	C1C2C1(C(C(C2N3C=CC(=O)NC3=O)O)O)COP(=O)(O)OP(=O)(O)OP(=O)(O)O
D0CS4I	CCCCCC(C)(C=CC1C(C(CC1=O)O)CC=CCCCC(=O)O)O
D0A0UL	CCCCCC(C)(C=CC1C(C(CC1=O)O)CC=CCCCC(=O)O)O
D03ZPH	CCCCCC=CC=C1C(C(CC1=O)O)CC=CCCCC(=O)O
D01RQK	CCCCCC=CC=C1C(C=CC1=O)CC=CCCCC(=O)O
D0X2MQ	C1C(C(C(C1=O)CC=CCCCC(=O)O)C=CC(CCC2=CC=CC=C2)O)O
D05MXO	CC(CCCC(C=CC1C(CC(=O)C1CC=CCCCC(=O)O)O)O)O
D0N0NJ	C1C(N(CC1(C(=O)O)N)CC2=CC=CC=C2)C(=O)O
D05NKX	CC(C)CC(C(=O)NC(CC1=CC=CC=C1)C(=O)NC(CCC(=O)N)C(=O)N2CCCC2C(=O)NC(CCC(=O)N)C(=O)NC(CCCN=C(N)N)C(=O)NC(CC3=CC=CC=C3)C(=O)N)N(C)C(=O)C(CC4=CC=C(C=C4)O)N
D07FPQ	CC1(CC1)C(=O)O
D03TDN	C1CN(CCN1)C2=CC=CC3=CC=CC=C32
D07UXB	CC(CCCC(C=CC1C(CC(=O)C1CCCCCCC(=O)O)O)O)O
D02XKE	CCCCCCCCC=CCCCCCCCC(=O)OCC(CO)O
D03PVV	CCCCCCCCCCCCCCCC(=O)OCC(COP(=O)([O-])OCC[N+](C)(C)C)O
D02QOD	CC(C)CC(C(=O)NCC(=O)NC(CC(=O)N)C(=O)NC(CCC(=O)N)C(=O)NC(CC1=CNC2=CC=CC=C21)C(=O)NC(C)C(=O)NC(C(C)C)C(=O)NCC(=O)NC(CC3=CNC=N3)C(=O)NC(CC(C)C)C(=O)NC(CCSC)C(=O)N)NC(=O)C(CCCNC(=N)N)NC(=O)C(CCC(=O)N)NC(=O)C4CCC(=O)N4
D08TBF	CCC(=O)NCCCC1=C(C=CC(=C1)OC)CC2=CC(=CC=C2)OC
D05GYG	CCC(C)C(C(=O)NC(C(C)C)C(=O)NC(CC1=CNC2=CC=CC=C21)C(=O)O)NC(=O)C(CC(=O)O)NC(=O)C(CC(C)C)NC(=O)C(CC3=CNC=N3)NC(=O)C(C)NC(=O)C(CC4=CC=CC=C4)NC(=O)C(CC5=CC=C(C=C5)O)NC(=O)C(C(C)C)NC(=O)C(C)NC(=O)C(CCC(=O)O)NC(=O)C(CCCCN)NC(=O)C(CC(=O)O)NC(=O)C(CCSC)NC(=O)C(CC(C)C)NC(=O)C
D04TVG	C1CN(CCN1CC(C(C2=CC=CC=C2)C3=CC=CC=C3)O)C4=CC(=CC=C4)Cl
D0Q0PN	C1CC2=C(C=NN2C3=C1C=C(C=C3)O)CCC(=O)NC4=CC=CC=C4C(=O)O
D06QYM	CC1(CC1)OC(=O)N2CCC(CC2)C(CNC(=O)CC3=C(C=CC(=C3F)F)F)F
D0S4FV	CCCCCCCCC=CCCCCCCCC(=O)NC(CC1=CC=C(C=C1)O)CO
D0M3CG	CC(CC1=CC=CC=C1)NC2=C3C(=NC=N2)N(C=N3)C4C(C(C(O4)CO)O)O
D0V9OO	CCNC(=O)C1C(C(C(O1)N2C=NC3=C(N=C(N=C32)C#CC(C4=CC=CC=C4)O)N)O)O
D0FW8K	C1(=NNN=N1)C(C(=O)O)N
D0OH2P	C1C2(CC1(C2)C(=O)O)C(C(=O)O)N
D0LC5O	C1=CC(=C(C=C1C(C(=O)O)N)C(=O)O)C(=O)O
D0U5YT	C1=CC(=CC(=C1)O)C(C(=O)O)N
D0S6DK	C1=CC(=C(C=C1C(C(=O)O)N)O)C(=O)O
D05UBB	CC(C)C(C1=CC=C(C=C1)Cl)C(=O)NC2=NC=C(S2)F
D0B8SS	CCCCCCCCCCCCCCCCCC(=O)OCC(COP(=O)([O-])OCC[N+](C)(C)C)O
D0XY3G	C1=CSC(=N1)CCN
D0G6AQ	C1=CC(=CC(=C1)Br)C2=NC=C(N2)CCN
D0T7AR	C1=CC(=CC(=C1)Cl)C2=NC=C(N2)CCN
D0A6IQ	C1=CC(=CC(=C1)I)C2=NC=C(N2)CCN
D0BK8V	C1CC(OC1COP(=O)(O)OP(=O)(O)OP(=O)(O)O)N2C=NC3=C(N=CN=C32)N
D08WOV	CC(=O)NCCC1=C(NC2=C1C=C(C=C2)OC)I
D0I4FF	C(CCC=CCC(C=CC=CC=CC(CCCC(=O)O)O)O)CCO
D0K4GK	CC(C)CCC(C(C)C1CCC2C1(CCC3C2CC=C4C3(CCC(C4)O)C)C)O
D0Q2RP	CC(CCC1C(O1)(C)C)C2CCC3C2(CCC4C3CC=C5C4(CCC(C5)O)C)C
D08URT	CC(C)C(CCC(C)C1CCC2C1(CCC3C2CC=C4C3(CCC(C4)O)C)C)O
D06OVX	CC(CCCC(C)(C)O)C1CCC2C1(CCC3C2CC=C4C3(CCC(C4)O)C)C
D0H2YM	CC(CCCC(C)C1CCC2C1(CCC3C2CC=C4C3(CCC(C4)O)C)C)CO
D01ZZJ	C1=CN(C(=NC1=O)N)C2C(C(C(O2)COP(=O)(O)O)O)O
D0SP2J	CN(C)CCC1=CNC2=C1C=C(C=C2)O
D06RNM	CNC(=S)NCCCCC1=CN=CN1
D08MNO	CCCC1(CCC1)C(CC=CC2C(CC(=O)C2CCCCCCC(=O)O)O)O
D0R9CC	C1CCC(CC1)C(CCN2C(C(=O)NC2=O)CCCCCCC(=O)O)O
D00ZCU	CC(CC1=CNC2=C1C=C(C=C2)OCC3=CC=CS3)N.Cl
D06HDW	C1=CC=C(C=C1)C(=O)C2=CC=C(C=C2)C(=O)OC3C(OC(C3O)N4C=NC5=C(N=CN=C54)N)COP(=O)(O)OP(=O)(O)OP(=O)(O)O
D09LXQ	C1=C(C(=O)NC(=O)N1CC(C(=O)O)N)F
D0Q8BS	CC(CC1=CN=CN1)N
D0LX6R	CCCCCCCCC=CCCCCCCCC(=O)NC(CC1=CC=C(C=C1)O)CO
D0E9QX	CC(CC1=CC=CC=C1)NC2=C3C(=NC=N2)N(C=N3)C4C(C(C(O4)CO)O)O
D0P6IV	CC1=C2C(=O)C=C(OC2=C(C=C1)N3CCN(CC3)C)C(=O)NC4=CC=C(C=C4)N5CCOCC5
D00HCI	B(C1=CC=CC=C1)(C2=CC=CC=C2)OCCN
D0C2DN	CCCCCC=CCC=CCC=CCC=CCCCC(=O)OC(CO)COP(=O)([O-])OC1C(C(C(C(C1O)O)O)O)O
D08JYT	CCCCCC=CCC=CCC=CCC=CCCCCOC(CO)CO
D0C2UJ	C1=NC2=C(N=C(N=C2N1C3C(C(C(O3)CO)O)O)Cl)N
D0U4ZV	[B-]P(=O)(OCC1C(C(C(O1)N2C=NC3=C(N=C(N=C32)Cl)N)O)O)OP(=O)(O)O
D0E1UA	CCCCCCCCC(C(=O)O)O
D0T4BP	CCCCCCCCCCC(C(=O)O)O
D0Q3QI	CCCCCCC(C(=O)O)O
D0H6YF	CC(=O)NCCC1=C(NC2=C1C=C(C=C2)OC)I
D02EHY	CC(CCCC(C)(C)O)C1CCC2C1(CCCC2=CC=C3CC(C(=C)C(C3)O)O)C
D0H9EY	CC1(C(C(OC1N2C=NC3=C(N=C(N=C32)Cl)NC4CCCC4)CO)O)O
D0U1OJ	CSC1=NC(=C2C(=N1)N(C=N2)C3C(C(C(O3)COP(=O)(O)OP(=O)(O)OP(=O)(O)O)O)O)N
D03OGA	CC(=O)NC=CC1=C(C=CC2=C1C=C(C=C2)OC)OC
D05CYD	CC(C(=O)NC(CCC(=O)O)C(=O)NC(CCCCN)C(=O)NC(C)C(=O)NC(C)C(=O)O)NC(=O)C(C)OC1C(C(OC(C1O)CO)OP(=O)(O)OP(=O)(O)OCC2C(C(C(O2)N3C=CC(=O)NC3=O)O)O)NC(=O)C
D0YO2D	C1C2C(C(C(O2)N3C=NC4=C3N=CN(C4=N)C5C(C(C(O5)COP(=O)(OP(=O)(O1)O)O)O)O)O)O
D06DEL	CC(CC1CC(C(=O)O1)(C)O)C2CCC3C2(CCCC3=CC=C4CC(CC(C4=C)O)O)C
D0U5LL	CCCCCC1=CC(=C2C(=C1)OC(C3=C2C=C(C=C3)C)(C)C)O
D0W7RI	CCCCCC(C=CC1C(CC2C1CC(=CCCCC(=O)O)C2)O)O
D0Y6LS	CCCCCC(C=CC1CC2CC(C2)C1CC=CCCCC(=O)O)O
D08KZJ	CN(C1CCC2=C(C1)C3=CC=CC=C3N2CC(=O)O)S(=O)(=O)C4=CC=C(C=C4)F
D0S0DT	CCCCC(=O)N(CC1=CC=C(C=C1)C2=CC=CC=C2C(=O)O)C3=CC=CC=C3
D04ZIP	C1=CC=C2C(=C1)C=CC3=C2C=CN=C3Cl
D07MFG	CC(=O)NCCC1=CC=CC2=C1C=C(C=C2)OCCCCOC3=CC=C(C=C3)C4=CC=C(C=C4)C(=O)O
D05OUQ	CCC(C)C(C(=O)NC(CO)C(=O)NC(CC(=O)O)C(=O)NC(CCCNC(=N)N)C(=O)NC(CC(=O)O)C(=O)NC(C1=CC=C(C=C1)OS(=O)(=O)O)C(=O)NC(CCSC)C(=O)NCC(=O)NC(CC2=CNC3=CC=CC=C32)C(=O)NC(CCSC)C(=O)NC(CC(=O)O)C(=O)NC(CC4=CC=CC=C4)C(=O)N)NC(=O)C(CCCNC(=N)N)NC(=O)C(CC5=CNC=N5)NC(=O)C(CO)NC(=O)C6CCCN6C(=O)C(CC(=O)O)NC(=O)C(CC(C)C)NC(=O)C(CC(=O)N)NC(=O)C(CCC(=O)N)NC(=O)C(CC(C)C)NC(=O)C(CC(=O)N)NC(=O)C(CCCCN)NC(=O)C(C(C)C)NC(=O)C(C(C)CC)NC(=O)C(CO)NC(=O)C(CCSC)NC(=O)C(CCCNC(=N)N)NC(=O)CNC(=O)C(CO)NC(=O)C7CCCN7C(=O)C(C)NC(=O)C(CCCCN)N
D0XM1U	CC1=CC(=NC(=N1)C#C)N2CCC(CC2)C3CCN(CC3)C4=NC=C(N=C4)C
D02KIM	CC1=C(N=CN=C1OC2CC3CCC(C2)N3S(=O)(=O)C4CC4)NC5=C(C=C(C=C5)C#N)Cl
D0D4TY	[B-]P(=O)(OCC1C(C(C(O1)N2C=NC3=C(N=C(N=C32)SC)N)O)O)OP(=O)(O)O
D08HOK	CC(C)(C)OC(=O)N1CCC(CC1)OC2=NC=NC3=C2C=NN3C4=CC=C(C=C4)S(=O)(=O)C
D0AT5L	CNC(=O)C1C(C(C(O1)N2C=NC3=C(N=CN=C32)NCC4=CC(=C(C=C4)N)I)O)O
D0U6NZ	C1=CC(=CC=C1CCNC2=C3C(=NC=N2)N(C=N3)C4C(C(C(O4)CO)O)O)N
D05LWE	C1CC2C(C(C1O2)CC=CCCCC(=O)O)C=CC(COC3=CC=C(C=C3)I)O
D04UJZ	CCC(C)C(C(=O)O)NC(=O)C1CCCN1C(=O)C(CC2=CN=CN2)NC(=O)C(CCCCNC(=O)C(CCCN=C(N)N)NC(=O)OCC3=CC=CC=C3)NC(=O)C(CC4=CC=C(C=C4)O)NC(=O)C5=CN=CC=C5
D0Q3WV	CC(C)(C)OC(=O)CC1=CC(=C(C=C1CC2=CC(=C(C=C2I)OC)OC)OC)OC
D07LJH	CC(CC1=CC(=C(C=C1OC)I)OC)N
D0H8KI	CCC(C)C(C(=NC1CCC(=NCC(N=C(C2CCCN2C(=O)C(CCC(=NCC(N=C(C3CCCN3C1=O)O)C(=NC(CC4=CC=C(C=C4)O)C(=NC(CCCNC(=N)N)C(=NC(CC(C)C)C(=NC(CCCNC(=N)N)C(=NC(CC5=CC=C(C=C5)O)C(=N)O)O)O)O)O)O)O)N=C(C(C(C)CC)N)O)O)C(=NC(CC6=CC=C(C=C6)O)C(=NC(CCCNC(=N)N)C(=NC(CC(C)C)C(=NC(CCCNC(=N)N)C(=NC(CC7=CC=C(C=C7)O)C(=N)O)O)O)O)O)O)O)O)N
D0H6KD	C1=CC(=C(C=C1CC(C(=O)N)NC(=O)CNC(=O)COC2=CC3=C(C=C2)NC=C3CCN)I)O
D09DKC	C1CC2=CC=CC=C2C(=O)C1CNCCC3=C(C=C(C=C3)O)I
D0K6MI	CC(C)NCC(COC1=CC=CC2=C1C(=C(N2)C#N)I)O
D0T1BU	CCC(C)C(C(=O)NC(C(C)CC)C(=O)NC(CC1=CNC2=CC=CC=C21)C(=O)O)NC(=O)C(CC(=O)O)NC(=O)C(CC(C)C)NC(=O)C(CC3=CN=CN3)NC(=O)C(C)NC(=O)C(CC4=CC=CC=C4)NC(=O)C(CC5=CC=C(C=C5)O)NC(=O)C(C(C)C)NC(=O)C(C)NC(=O)C(CCC(=O)O)NC(=O)C(CCC(=O)O)NC(=O)C(CC(=O)O)NC(=O)CCC(=O)O
D00CRA	CC1=C(C2=C(N1)C=CC(=C2)O)CCN
D0TC5E	CC1=NC=C(N1)CCN
D0V4RP	COC1=CC=CC=C1N2CCNCC2
D03WIK	CCCCCCCCCCCCCCCCOCC(COP(=O)(O)OCC[N+](C)(C)C)OCC
D05FOV	CCCCCCCCC=CCCCCCCCC(=O)OC(CO)CO
D0R2VH	CCCCCCCCC=CCCCCCCCC(=O)OC(CO)COP(=O)(O)O
D0A8PD	CCCCCCCCCCCCCCCCC(C)COCC(COP(=O)([O-])OCC[N+](C)(C)C)OC(=O)C
D0B2NE	CNC1=C2C(=NC(=N1)C#CC3=CC=CC=C3)N(C=N2)C4C(C(C(O4)C(=O)NC)O)O
D0BT1A	C1=CC=NC(=C1)CCN
D07TSE	C1=CN(C(=S)NC1=O)C2C(C(C(O2)COP(=O)(O)OP(=O)(O)O)O)O
D04IWB	C1=CN(C(=S)NC1=O)C2C(C(C(O2)COP(=O)(O)OP(=O)(O)OP(=O)(O)O)O)O
D0E7LU	C1=C(C=C(C=C1O)O)C(C(=O)O)N
D0W1OR	C1=C(C=C(C=C1O)O)C(=O)O
D03GHN	CCCCCCCC(CC(=O)O)O
D0T2CG	CCCCCCCCCC(CC(=O)O)O
D00FTQ	CCCCCC(CC(=O)O)O
D0HR1V	C1=CC(=CC=C1O)OC2=C(C=C(C=C2)CCN)I
D0I8AF	CSCCC(C(=O)NCC(=O)NC(CC1=CNC2=CC=CC=C21)C(=O)NC(CCSC)C(=O)NC(CC(=O)O)C(=O)NC(CC3=CC=CC=C3)C(=O)N)NC(=O)C(CC4=CC=C(C=C4)OS(=O)(=O)O)NC(=O)C(CC(=O)O)N
D03ZEL	CC1=CC2=C(C=C1C3=C(C=CC(=C3)C=CC(=O)O)O)C(CCC2(C)C)(C)C
D0F8CC	CC1(CCC(C2=C1C=CC(=C2)C(C=CC3=CC=C(C=C3)C(=O)O)O)(C)C)C
D0I2EL	CC(C)(C)OC(=O)N1CCC(CC1)OC2=NC=NC3=C2C=NN3C4=C(C=C(C=C4)S(=O)(=O)C)F
D0BW9V	CCN(CC)C(=O)C1CN(C2CC3=C(NC4=CC=CC(=C34)C2=C1)I)C
D09HWZ	COC1=NC2=C(C=C1)NC(=C2CCNC(=O)CI)C3=CC=CC4=CC=CC=C43
D0P1US	CCOC(CC1=CC(=C(C=C1)OCCN(C)C2=NC3=CC=CC=C3O2)I)C(=O)O
D01YDR	COC1=CC2=C(C=C1)NC=C2CCNC(=O)CI
D06RBG	CC(CCC(=O)O)C1CCC2C1(CCC3C2CCC4C3(CCC(=O)C4)C)C
D0T4WF	C1=CC=C(C=C1)C(=O)CN2C(=O)C=CN(C2=O)C3C(C(C(O3)COP(=O)(O)OP(=O)(O)O)O)O
D02EBQ	C1=CC(=CN=C1)CC(=O)O
D0K3LQ	CCCNC1=C(C=C(C=C1)C(=O)O)[N+](=O)[O-]
D02SQF	CC1=C(N=CN1)CCN
D0GF4I	C1=CN(C(=O)NC1=S)C2C(C(C(O2)COP(=O)(O)OP(=O)(O)OP(=O)(O)O)O)O
D0C3EX	CCCCCCCCCOC1=CC2=C(C=C1)NC=C2CCN
D0FI7B	CC(C)CCCC(C)C1CCC2C1(C(CC3C2C(CC4C3(CCC(C4)O)C)O)O)C
D03RHW	CCCC(=O)CC1=CC2=C(C=C1)NC=C2CCN(C)C
D0P7RI	C1=C(C(=O)NC(=O)N1C2C(C(C(O2)COP(=O)(O)OP(=O)(O)OP(=O)(O)O)O)O)Br
D0G8XJ	C1CC2CC1CC2NC3=C4C(=NC=N3)N(C=N4)C5C(C(C(O5)CCl)O)O
D02UWB	C1=CC2=C(C=C1C(=O)N)C(=CN2)CCN
D0P3WF	CC(C1C(=O)NC(C(=O)NC(C(=O)NC(C(=O)NC(CCCCCC(=O)NC(C(=O)NC(C(=O)NC(C(=O)NC(C(=O)NC(C(=O)NC(C(=O)N1)CCCCN)CC2=CNC3=CC=CC=C32)CC4=CC=CC=C4)CC5=CC=CC=C5)CC(=O)N)CCCCN)C(=O)O)CO)C(C)O)CC6=CC=C(C=C6)O)O
D02UHS	CC1=CC=CC=C1C(CNC2=C3C(=NC=N2)N(C=N3)C4C(C(C(O4)CO)O)O)C5=CC(=CC(=C5)OC)OC
D0R6PF	CC1CN(CCN1C2=NC=C(C=N2)OCC3=C(C=NC=C3)C#N)C4=NOC(=N4)C(C)C
D08WNN	CSC1=NC(=C2C(=N1)N(C=N2)C3C(C(C(O3)COP(=O)(O)OP(=O)(O)O)O)O)N
D00PAG	C1=NC(=C2C(=N1)N(C=N2)C3C(C(C(O3)COP(=O)(O)OP(=S)(O)O)O)O)N
D01WVV	CC(C)(C(=O)NC(COCC1=CC=CC=C1)C(=O)N2CCC3(CC2)CN(C4=CC=CC=C34)S(=O)(=O)C)N
D02VPW	CC(C)(C)NCC(COC1=CC=CC2=C1NC(=O)N2)O
D05DAG	C1=CC2=C(C=C1F)C(=CN2)CCN
D08SGV	CC(=O)NCCC1=CNC2=C1C=C(C=C2)OCCO
D0RF4L	CC(=O)NCCC1=C(NC2=C1C=C(C=C2)OC)CC3=CC=CC=C3
D0ET2F	CC1=CC(=CN=C1)C(=O)O
D0J7LY	CC1=CC(=CS1)C2(C(=O)C=C(O2)C(=O)O)C
D0JH4U	CCCCCC(C=CC=CCC=CC=CC(=O)CCCC(=O)O)O
D0Z6SY	C(CCC=CCC=CCC=CC=CC(=O)CCCC(=O)O)CCO
D05LJD	CCCCCCCCC=CCC=CC=CC(=O)CCCC(=O)O
D0XL8C	CCCCCCCCCC=CC=CC(=O)CCCC(=O)O
D07CJR	CCCCCC=CCC=CCC=CC=CC(CCCC(=O)O)O
D0Q2LG	CCCCCC=CCC=CCC=CC=CC(CCCC(=O)O)OO
D0B8PD	CC(=O)NCCC1=CNC2=CC(=C(C=C21)OC)Cl
D0Z3WA	CC12CCC3C(C1CCC2O)CCC4C3(C=CC(=O)C4)C
D09HQH	CC12CCC3C(C1CCC2O)CCC4=CC(=O)C=CC34C
D0B7GU	CN1CCC23C4C1CC5=C2C(=C(C=C5)O)OC3C(CC4)O
D0I4ME	CC(CC1=CC2=C(C(=C1)OC)OCO2)N
D0R7ZC	CC(CC1=CC=C(C=C1)OC)N
D00HIG	CCC(=O)N(C1CCN(CC1C)CCC2=CC=CS2)C3=CC=CC=C3
D04EZN	CC(C=C(C1=CC=CS1)C2=CC=CS2)N(C)C
D0N5QC	CCOC1=C2C3=C(CC4C5C3(CCN4C)C(O2)C(C=C5)O)C=C1
D0ZH3G	CCC(=O)N(C1CCN(CC1C)CCC2=CC=CC=C2)C3=CC=CC=C3
D0T8OD	C1=CC(=CC=C1CN=C(N)SCCCC2=CN=CN2)Cl
D0MW7H	C1CC2C(CC1N2)C3=NC(=NO3)N
D08CTL	CC1=NOC(=N1)C2CC3CCC2N3
D0IB8N	C1=CC(=C(C=C1C(=O)CN)O)O
D0A8NB	CCCOC1=NC2=C(C=C1)NC=C2C3=CCNCC3
D0L1XR	C1CCN(C1)CC#CCN2CCCC2=O
D08JOS	CC(C)(CCC1=CC=CC=C1OC)NCC(C2=CC=C(C=C2)O)O
D06YMS	CC(C)CC(C(=O)O)NC(=O)C(CC1=CC=CC=C1)NC(=O)CNC(=O)C(C)NC(=O)C(CC2=CC=C(C=C2)O)N
D0Y1WV	C1(C(C1C(=O)O)C(=O)O)C(C(=O)O)N
D0Q5SL	CN1CCC(CC1)C2=CNC3=C2C=C(C=C3)O
D0S2BB	CN1CCC(CC1)C2=CNC3=C2C=C(C=C3)O.C(=CC(=O)O)C(=O)O
D0O3NG	CN(C)CCCSC(=N)N
D0D4ZL	CCCCCCCCCCCCCC(=O)OC1C(C2(C(C=C(CC3(C2C=C(C3=O)C)O)CO)C4C1(C4(C)C)O)O)C
D09AAZ	CCCSC1=NSN=C1C2CN3CCCC2C3
D0OM9G	C1CNCCC1CC2=CN=CN2
D09WQL	C1=CN=CC=C1CC2=CN=CN2
D05RGW	CN1CCC(CC1)CC2=CN=CN2
D04JCK	CCCC(C)(C1CC23C=CC1(C4C25CCN(C3CC6=C5C(=C(C=C6)O)O4)C)OC)O
D0Y5QR	CCN(CC)C(=O)NC1CN(C2CC3=CNC4=CC=CC(=C34)C2=C1)C
D06RRD	CC(C)(C(=O)O)OC1=CC=C(C=C1)Cl
D0W6PP	CC1=CC(=O)OC2=C1C=CC(=C2)NC(=O)C(CCCCN)NC(=O)C(CC3CCCCC3)NC(=O)OCC4C5=CC=CC=C5C6=CC=CC=C46
D0E4JL	CCCN(CCC1=CC=CS1)C2CCC3=C(C2)C=CC=C3O.Cl
D0P0PP	CC(C)COC1=CC(=CC(=C1)C(=O)NC2=NC=C(C=C2)C(=O)O)OC(C)C
D0ZZ9M	CC1=NCC2(S1)CCN(CC2)C
D0O2US	CC1=C(N=C(O1)C2=CC=CC=C2)CCOC3=CC=C(C=C3)CC(C(=O)O)NC4=CC=CC=C4C(=O)OC
D0F4BX	CCCCCCC(C)(C)C1=CC(=C2C3CC(=CCC3C(OC2=C1)(C)C)CO)O
D0E4YP	CC1=CC=C(C=C1)C2=CC3=C(CCCC(=C3)C(=O)NC4=CC=C(C=C4)C[N+](C)(C)C5CCOCC5)C=C2.[I-]
D06VDN	CC1=CC2=C(C=C1C(F)(F)F)N(CC2)C(=O)NC3=CN=C(C=C3)OC4=C(N=CC=C4)C
D0A9PS	CCCCCC=CCC=CCC=CCC=CCCCC(=O)NCCO
D02RAN	C1=C(NC=N1)CCSC(=N)N
D09JDH	CC(C)CC(C(=O)NC(CCSC)C(=O)N)NC(=O)C1CCCN1C(=O)C(CC2=CC=CC=C2)NC(=O)C(CC3=CC=CC=C3)NC(=O)C4CCC(=O)N4
D0Y7CI	CCN(CC)C(=O)C1=CC=C(C=C1)C(C2=CC(=CC=C2)OC)N3CC(N(CC3C)CC=C)C
D0N8LP	CCC(C)C(C(=O)NC(C(C)CC)C(=O)NC(CCCCN)C(=O)NC(CC(=O)N)C(=O)NC(C)C(=O)NC(CC1=CC=C(C=C1)O)C(=O)NC(CCCCN)C(=O)NC(CCCCN)C(=O)NCC(=O)NC(CCC(=O)O)C(=O)O)NC(=O)C(C)NC(=O)C(CC(=O)N)NC(=O)C(CCCCN)NC(=O)C(CC2=CC=CC=C2)NC(=O)C(CC(C)C)NC(=O)C(C(C)O)NC(=O)C(C(C)C)NC(=O)C(CC(C)C)NC(=O)C3CCCN3C(=O)C(C(C)O)NC(=O)C(CCC(=O)N)NC(=O)C(CO)NC(=O)C(CCCCN)NC(=O)C(CCC(=O)O)NC(=O)C(CO)NC(=O)C(C(C)O)NC(=O)C(CCSC)NC(=O)C(CC4=CC=CC=C4)NC(=O)CNC(=O)CNC(=O)C(CC5=CC=C(C=C5)O)N
D05CRG	CC(C)C(NC(=O)C(C(C)C1=CNC2=CC=CC=C21)NC(=O)N3CCC4(CCC5=CC=CC=C54)CC3)SCCN
D02BPI	C1=CC(=CC=C1OC2=C(C=C(C=N2)Cl)Cl)OC3=C(C=C(C=N3)Cl)Cl
D0O7PT	CCCCCN(CCCOC)C(=O)C(CCC(=O)O)NC(=O)C1=CC(=C(C=C1)Cl)Cl
D06EES	CC(C)CC(C(=O)O)NC(=O)C(CC1=CC=CC=C1)NC(=O)CNC(=O)CNC(=O)C(CC2=CC=C(C=C2)O)N
D04YNW	C1CCN(C(C1)CN2CCCC2)C(=O)CC3=CC(=C(C=C3)Cl)Cl.Cl
D07GMY	C1CCN(C1)CC2C3=C(CCN2C(=O)CC4=CC(=C(C=C4)Cl)Cl)NC=N3
D0O9TT	CN(C)C1CCC2=C(C1)C3=C(N2)C=CC(=C3)NC(=O)C4=CC=C(C=C4)F
D0H8ID	CCCCCC(=O)CCC1(C2CC3=C(C1(CCN2C)C)C=C(C=C3)O)C.CS(=O)(=O)O
D07KMN	COC1=CC(=CC(=C1OC)OC)CC2C3=CC(=C(C=C3CCN2)O)O.Cl
D0J1PJ	CN(C1CCCCC1N2CCCC2)C(=O)CC3=CC(=C(C=C3)Cl)Cl.CS(=O)(=O)O
D01KWU	CCCN1CC(CC2C1CC3=C(C2)C(=CC=C3)O)NS(=O)(=O)N(CC)CC
D0A9ED	CC(C)NCC(COC1=CC=CC2=C1C3=CC=CC=C3N2)O
D03BZW	CC(C)(C)NCC(COC1=CC=CC2=C1NC(=O)N2)O
D05QTJ	CN(CCCl)CC1=CC(=C(C(=C1)Cl)NC2=NCCN2)Cl
D0H4BJ	CC1C(CC(O1)C[N+](C)(C)C)O
D04FBZ	C=CCN1CCC23C4C1CC5=C2C(=C(C=C5)O)OC3C(C=C4)O
DFBJ28	C1=CC=C2C(=C1)C3=CC4=NC5=CC=CC=C5C4=C(C3=N2)C=O
D02ONK	CCCCN1CCCC1CNC(=O)C2=CC(=CC3=C2OC(C3)C)S(=O)(=O)N.Cl
D0N1EF	CC1=C(N=C(O1)C2=CC=CC=C2)CCC(=O)C3=CC=C(C=C3)CC4C(=O)NC(=O)S4
D02RUO	CCC1(CCC1)C(CC=CC2C(CC(C2CC=CCCCC(=O)O)Cl)O)O
D0T1SF	CNC(=O)C1=CC2=C(C=C1)C(OCC2)CCN3CCN(CC3)C4=CC=C(C=C4)OC
D0G2VT	C(CSC(F)(F)F)C(C(=O)O)N
D08ZIH	CC(C)CC(C(=O)O)NC(=O)C(C(C)C)NCC(CC1=CC=C(C=C1)O)NC(=O)C2CCCN2C(=O)C(CCCCN)NC(=O)C(CCCCN)NC(=O)C(C(C)OC3CC(C(C(C3NC(=O)C)OC4CC(C(C(C4O)O)O)CO)O)CO)NC(=O)C(C)NC(=O)C(CC(=O)N)NC(=O)C(CO)NC(=O)CNC(=O)CNC(=O)C(CCC(=O)O)NC(=O)C(CCC(=O)O)NC(=O)C(CO)NC(=O)C5CCC(=O)N5
D0R5GS	CC1(CC(=O)N(C(=O)C1)CCCCN2CCN(CC2)C3=NC=CC=N3)C
D0U5EY	COC1=C(C2=C(CCC2)C=C1)OC3CCNC3
D03GLM	CS(=O)(=O)NC1=C(C=CC(=C1)C(CNC(CC2=CC(=CC=C2)Cl)C3=CC=C(C=C3)OC(F)F)O)O
D0Q2PF	CCCN(CCC)C1CC2=CNC3=C2C(=C(C=C3)C(=O)C)C1
D0F6AB	CC1=CC=C(C=C1)CCOCCNS(=O)(=O)CCCNCCC2=C3C(=C(C=C2)O)NC(=O)S3
D0R1DP	COC1=CC=CC2=C1C3CN(CC3CC2)CCCCN4C(=O)C5C6C=CC(C5C4=O)C7C6C=C7
D00YGA	CN(CCOC1=CC=C(C=C1)CC(C(=O)O)OCC(F)(F)F)C2=NC3=CC=CC=C3O2
D0PN9E	CC1CC2=C(O1)C(=CC(=C2N)Cl)C(=O)NCCC34CCCN3CCC4.C(=CC(=O)O)C(=O)O
D02KAF	C1C(C1N)C2=CN=CN2
D0G1RT	CS(=O)(=O)NC1=CC=C(C=C1)CC2=NOC(=N2)C3=CC4=C(C=C3)NC=C4CCN
D0Q7TH	CC1=C(C(=O)C1=O)NC2=CC3=C(C=C2)NC=C3CCCN4CCN(CC4)C5=NC=NC=C5OC
D04JQR	CC1=C(C=CC(=C1)C(=O)O)C(C(=O)O)N
D0O7DB	CS(=O)(=O)NC1=CC=CC2=C1CCCC2C3=CN=CN3
D0LB4T	CC1=C(N=C(O1)C2=CC=CC=C2)C(COC3=CC=C(C=C3)CC4C(=O)NC(=O)S4)O
D0N0LB	C1=CC2=C(C=C1Cl)N=C(O2)N
D0PE1A	CCCN1C2=C(C(=O)N(C1=O)CCC)NC(=N2)C3CC4CC3C5C4O5
D0XH1H	CCC(=O)N1CC2CCC(C1)N2CC=CC3=CC=C(C=C3)[N+](=O)[O-]
D0F6XR	C1CCN2C(=NC(=O)N(C2=O)CCN3CCC(CC3)C(=O)C4=CC=C(C=C4)F)C1.C(=CC(=O)O)C(=O)O
D05HKB	CCN1C(=O)CC2(C1=O)CCN(CC2)C
D0J8UV	CCCCC1CCN(CC1)CCCN2C(=O)COC3=C2C=CC(=C3)F
D0V4FK	C1CCN(C1)C(=O)C(C(C2=CC(=C(C=C2)O)O)O)NCCCC3=CC=C(C=C3)F.Br
D02FNU	C1CN(CCN1CCCCN2C(=O)C3=CC=CC=C3S2(=O)=O)C4=NC=CC=N4
D04DZE	CC(CC1=CC=C(C=C1)C(=O)OC)NCC(C2=CC=CC=C2)O.CC(=O)C=CC(=O)O
D09TXO	CCC(C)C(C(=O)NC(CC(=O)O)C(=O)NC(CC(C)C)C(=O)N1CCCC1C(=O)NC(C(C)C)C(=O)NC(CCCCN)C(=O)NC(CCCNC(=N)N)C(=O)NC(CCCNC(=N)N)C(=O)NC(C)C(=O)O)NC(=O)C(CCC(=O)O)NC(=O)C(CO)NC(=O)C(C(C)O)NC(=O)C(CC(C)C)NC(=O)C(CC(C)C)NC(=O)C(CC(C)C)NC(=O)C(CC(C)C)NC(=O)C(CS)NC(=O)C(CO)NC(=O)C(CC2=CC=CC=C2)NC(=O)CNC(=O)C(CCCNC(=N)N)NC(=O)C3CCCN3C(=O)C(C)NC(=O)C(CCSC)N
D07IZG	CC(C)(C)OC(=O)CN(CC1=CC=C(C=C1)Cl)CC2=CC=C(S2)[N+](=O)[O-]
D0HE1P	C1CC1COC2=CC=C(C=C2)C3=C(C(=NC(=C3C#N)SCC(=O)N)N)C#N
D03GWY	CC1(CCCCC1)COC2=CC=C(C=C2)CC3C(=O)NC(=O)S3
D09IJP	CCCCC(C(=O)NCC(=O)N(CC1=CNC2=CC=CC=C21)C(=O)NC(CCCC)C(=O)NC(=O)C3=CC=CC=C3CC(C)NC(=O)C(CC(=O)O)NC)NC(=O)CCC4=CC=C(C=C4)OS(=O)(=O)O
D02PSZ	CC1=CC=CC=C1NC(=O)NCCCCC(C(=O)N(C)C(CC(=O)O)C(=O)NC(CC2=CC=CC=C2)C(=O)N)NC(=O)C(CC3=CNC4=CC=CC=C43)NC(=O)OC(C)(C)C
D01WVJ	CCCCCN(CCCCC)C(=O)C(CCC(=O)[O-])NC(=O)C1=CC(=C(C=C1)Cl)Cl
D00MIX	CC(CC1=CC=C(C=C1)OCC(=O)O)NCC(C2=CSC(=N2)C(F)(F)F)O
D08GNX	CNC(CC1=CC=CC=C1)C(=O)NC(=O)C(CC(=O)O)NC(=O)C(CCSC)NC(=O)C(CC2=CNC3=CC=CC=C32)NC(=O)CNC(=O)C(CCSC)NC(=O)CC4=CC=C(C=C4)OS(=O)(=O)O
D0MT5C	C1=CC(=CC=C1CCNCC(COC2=CC=C(C=C2)O)O)NS(=O)(=O)C3=CC=C(C=C3)I
D0WS1V	CC(C)C(CO)NC1=NC(=C2C(=N1)N(C=N2)C(C)C)NC3=CC(=C(C=C3)C(=O)O)Cl
D06DPS	CC1=CC=CC=C1NC(=O)NCCCCC(CC(=O)O)NC(=O)C(C)(CC2=CNC3=CC=CC=C32)NC(=O)OC4C5CC6CC(C5)CC4C6
D0N0IQ	CCCC(=O)NC(CC1=CC=CC1)C(=O)NC(CC2=CC=CC=C2)C(=O)NC(CCCN=C(N)N)C(=O)NC(CC3=C4C=CC=CC4=NC3)C(=O)N(C)CC(=O)N
D0I5VA	CNC(=O)C12CC1C(C(C2O)O)N3C=NC4=C(N=C(N=C43)Cl)NCC5=CC(=CC=C5)Cl
D06PXT	C1CCC(CC1)C(=O)NC2=CC(=NC3=CC=CC=C32)NC4=CC(=C(C=C4)Cl)Cl
D00GES	CC(C)C(C(=O)N)N=C(NS(=O)(=O)C1=CC=C(C=C1)Cl)N2CC(C(=N2)C3=CC=C(C=C3)Cl)C4=CC=CC=C4
D40DVS	CCOC(=O)N1CCC(C1)CN(CC2=CC=C(C=C2)Cl)CC3=CC=C(S3)[N+](=O)[O-]
DW18LK	CCCCCNC(=O)N1CCC(C1)CN(CC2=CC=C(C=C2)Cl)CC3=CC=C(S3)[N+](=O)[O-]
D95KWS	CS(=O)(=O)N(CC1=CC=CO1)CC(CN2C3=CC=CC=C3C4=CC=CC=C42)O
DE7BZ4	C1CN(CCN1CC2=CC=C(C=C2)C3=C(C=C(C=C3)C(C(F)(F)F)(C(F)(F)F)O)F)CC4=CC=NC=C4
D8VH5Q	CC1CC(CN(C1)C(=O)CC(C2=CC3=C(C=C2)OCO3)C4=C(C=C(C=C4OC)OC)O)C
D4PG6A	COC1=C(C=C(C=C1)C2=CC(=O)C3=C(O2)C(=C(C(=C3OC)OC)OC)OC)OC
DW5R6Y	CC(=O)N1CCN(CC1)CC2=CC=C(C=C2)C3=CC=C(C=C3)C(C(F)(F)F)(C(F)(F)F)O
D9D6QN	C1=CC(=CC=C1C(=O)NC2=CC=C(C=C2)C(C(F)(F)F)(C(F)(F)F)O)C(F)(F)F
DRN30U	CC1CN(CCC1OC2=CC=C(C=C2)N3C(C(C(=N3)C(F)(F)F)C)CC(=O)O)C4=CC(=NC=C4Cl)OC
DDV09U	CCOC(CC(=O)O)C1=CC=C(C=C1)OC2CCC3=C2C=CC=C3C(F)(F)F
DNL2F1	CC1=CC=C(S1)S(=O)(=O)NC2=CC=CC=C2N3CCCCC3
DZ28EB	C1=CSC(=C1)S(=O)(=O)NC2=CC=C(C=C2)C(C(F)(F)F)(C(F)(F)F)O
DNZ96J	CCC1C2CC(CCC2(C3CCC4(C(C3C1O)CCC4C(C)CCOS(=O)(=O)[O-])C)C)O.[Na+]
D0LR1M	CC(C)(C(=O)NC(CCCC1=CC=CC=C1)C(=O)NC2=CN(C=N2)C(C)(C3=CC=C(C=C3)OC)C(=O)N4CCCC4)N
D0IE4H	CCCCCCSC1=NSN=C1C2=CCCN(C2)C
D08HIH	C1=CC(=CC2=C(C=C(C=C21)C3=CC(=C(C=C3)O)F)C#N)O
D0T3EV	CC1=CC(=C2C(=C1)C=C(N2CC(=O)O)C(=O)NC3=NC(=C(S3)CCC4CCCCC4)C5=CC(=C(C=C5OC)Cl)OC)C
D0Q3ES	CC(C)OC(=O)N1CCC(CC1)OC2=NC=NC3=C2C=NN3C4=C(C=C(C=C4)S(=O)(=O)C)F
D0P9KL	CC(C)CC(C(=O)NC(CCCNC(=NC)N)C(=O)NC(CC1=CNC2=CC=CC=C21)C(=O)N)NC(=O)NNC(=O)C(CC3=CC=CC=C3)NC(=O)C(C(C)O)NC(=O)C(CC(=O)N)NC(=O)C(CC4=CNC5=CC=CC=C54)NC(=O)C(CC6=CC=C(C=C6)O)NC(=O)C
D04TJP	CC1=C(C=C(C=C1)N2C(=O)C(C(=N2)C)N=NC3=CC=CC(=C3O)C4=CC(=CC=C4)C5=NNN=N5)C
D0YO4D	CC1=CC2=C(C=C1C3(CC3)C4=NC=C(C=C4)C(=O)O)C(CCC2(C)C)(C)C
D08XWZ	CN1CCC(=CC1)C2=CC3=C(C=C2)NC=C3CCN(C)C
D08ZBT	COC1C(C(OC1N2C=NC3=C(N=CN=C32)NC4CCCCC4)CO)O
D0S2WC	CC1=NN=C(C2=CC(=C(C=C2C1)OC)OC)C3=CC=C(C=C3)N
D0B0EB	CC1=C(N=C(O1)C2=CC=CS2)CCOC3=CC=C(C=C3)CC(C)(C(=O)O)OC4=CC=CC=C4
D0BN4Y	CCCN(C1CC2=C(C=CC=C2OC1)C(=O)NC(C)C)C(C)C
D0T8KF	C1CN(CCN1CCCCN2C(=O)COC3=CC=CC=C3C2=O)C4=NC=CC=N4
D04DGE	CC1=CC2=C(C=C1C(F)(F)F)N(CC2)C(=O)NC3=CN=C(C=C3)OCC4=CC=CC=N4
D0AV0O	CC(C)NC(=O)CC1CCCN(C2=CC=CC=C12)C(=O)C3=C(C=C(C=C3)N4CCCC4)Cl
D0D1VJ	CC1OCC2(O1)CCN(CC2)C
D0JN3M	CON=CC1=CCCN(C1)C(=O)OC2=CC=C(C=C2)Cl
D0O9EM	CN1C(=O)C=NN(C1=O)CCCCN2CCN(CC2)C3=NC=CC=N3
D03RYS	CC1=NN(C=C1)C2=CC(=C(C=C2)C(=O)N3CC4=CC=CN4CC5=CC=CC=C53)Cl
D0U7VZ	CC(C)N1C2=CC=CC=C2C(=N1)C(=O)NC3CC4CCC(C3)N4CCN5CCN(CC5)C(=O)C
D0V5DX	C1CC(C(C1)O)NC2=C3C(=NC=N2)N(C=N3)C4C(C(C(O4)CO)O)O
D0G5ZL	CCCN1CCC2C1CCC3=C2C(=CC=C3)C(=O)N
D00ACC	C1CC2CCC(C3=CC=CC(=C23)C1)N4CCC5(CC4)C(=O)NCN5C6=CC=CC=C6
D0A8IE	COC(=O)C1(CCOCC1)N.Cl
D07MVE	COC1=CC=CC(=C1)C#CCON=C2CN3CCC2C3
D0IW4R	CCC(=O)N(C1=CC=CC=C1F)C2(CCN(CC2)CCN3C(=O)N(N=N3)CC)C4=CC=CC=C4.Cl
D03ACT	CCCCCCC(C)(C)C1=CC(=C(C(=C1)OC)C2C=C(C3CC2C3(C)C)CO)OC
D0E3XG	CCCCC1=NC(=C(N1CC2=CC3=C(C=C2)OC(=C3Br)C4=CC=CC=C4C5=NNN=N5)C(=O)O)Cl
D0RF9T	CCC(CC)(CCCOC(C)C1CCC2C1(CCCC2=CC=C3CC(CC(C3=C)O)O)C)O
D0Z3UP	CC1=C(C=CC(=C1NS(=O)(=O)C)Cl)OCC2=NCCN2
D03SWH	CNC(=O)C1=CC2=C(C=C1)C(OCC2)CCN3CCN(CC3)C4=CC=C(C=C4)C(=O)N
D0N8NC	CS(=O)(=O)O.C1CCC(C1)CN2CCC3=C(CC2)C4=C(C=CC(=C4)C#N)OC5=CC=CC=C35
D09UFV	CC(C(C1=CC(=CC=C1)OC)OC2=CC3=C(C=C2)N(N=C3)C4=CC=C(C=C4)F)NC(=O)C(F)(F)F
D0G5TU	C1CN(CCN1CCCCN2C=C(C=N2)Cl)C3=NC=CC=N3.Cl.Cl
D0AQ3H	CC(C)(CC1=CC=CC(=C1)CC(=O)NCC2=CC(=CC=C2)C3=CC=C(C=C3)O)NCC(C4=CC(=C(C=C4)O)NS(=O)(=O)C)O
D0S5FQ	CC1=C(C=CC(=C1)Cl)OC(C)C(=O)O
D03LFR	COC1=C(C=C(C=C1)S(=O)(=O)N2CCCN(CC2)S(=O)(=O)C3=CC(=C(C=C3)OC)OC)OC
D01FUB	CC1=CC(=CC2=C1C(=O)N(C2)CC3=CC=C(C=C3)OC(F)(F)F)C4=NC(=NO4)CN5CCNCC5
D03STA	C[N+]1(C2CCC1CC(C2)CC(C#N)(C3=CC=CC=C3)C4=CC=CC=C4)C
D02KMG	C1=CC=C(C=C1)C(CNC2=CC=C(C=C2)CCNCC(C3=CC(=C(C=C3)O)NC=O)O)O
D0F6CT	CC(C)N(C1=CC=CC=C1)C(=O)CN2C3=CC=CC=C3N(C(=O)C(C2=O)NC(=O)NC4=CC=CC(=C4)C(=O)O)C5=CC=CC=C5
D0G0IZ	COC1=CC=C(C=C1)CC(CNC(CCCN=C(N)N)C(=O)O)NC(=O)C2CCCN2C(=O)C(CO)NC(=O)C(CC3=CC=CS3)NC(=O)CNC(=O)C4CC(CN4C(=O)C5CCCN5C(=O)C(CCCN=C(N)N)N)O
D0U5CS	C1CC(C2C1C2C(=O)O)(C(=O)O)N
D0O4XW	COCC1=CC=CC(=C1)CC(C=CC2C(CC(=O)C2CCSCCCC(=O)OC)O)O
D0O7XO	CCC(C)C(C(=O)NC(C(C)C)C(=O)NC(CCC(=O)N)C(=O)NC(CS)C(=O)NC(CCCNC(=N)N)C(=O)NC(CO)C(=O)NC(C(C)C)C(=O)NC(CCC(=O)O)C(=O)NCC(=O)NC(CO)C(=O)NC(CS)C(=O)NCC(=O)NC(CC1=CC=CC=C1)C(=O)NC(CC2=CC=C(C=C2)O)C(=O)O)NC(=O)C(CCCNC(=N)N)NC(=O)C(CC(C)C)N
D06ODM	C#CCOC1CN2CCC1CC2.C(=CC(=O)O)C(=O)O
D0N8MQ	C1=CC=C(C=C1)C(CNC2=CC=C(C=C2)CCNCC(C3=CC(=C(C=C3)O)NC=O)O)O.Cl
D0S6KX	CCC(CC)(C(=O)O)OC1=CC=C(C=C1)SCC2=C(N=C(S2)C3=CC=C(C=C3)C(F)(F)F)N4CCN(CC4)C5=CC=C(C=C5)OC
D0R3EL	CC(C)CC1=NC(=CC(C)C)C(=O)N(C1=O)O
D04MOF	CC1CC2C3CC(C4=CC(=O)C=CC4(C3(C(CC2(C1(C(=O)SCF)O)C)O)F)C)F
D0BQ8M	CN1CC2=CC=CC=C2C3C1CC4=CNC5=CC=CC3=C45
D03TNA	C1CN(CCN1CC2=NC3=CC=CC=C3N2)C4=CC=CC=N4
D09UGP	CCCC1OC2CC3C4CC(C5=CC(=O)CCC5(C4(C(CC3(C2(O1)SC)C)O)F)C)F
D0GP4R	C1=CC=NC(=C1)CCOCCCCCCNCC(C2=CC(=C(C(=C2)Cl)N)Cl)O
D0N5JJ	CCCC1=CC2=C(S1)CNC3C2C4=CC(=C(C=C4CC3)OC(=O)C)OC(=O)C.Cl
D01QKR	CCCN(CCCCN1C(=O)CC2(CCCC2)CC1=O)C3CC4=C(C=CC=C4OC)OC3
D09XVQ	C1CCNC(C1)CCOC(=O)C2=CC=CC=C2N
D0O0AH	C1CN(CCC1N(C2=NC=CN=C2)C(=O)C3=CC=CO3)CCC4=CC=CC=C4.Cl
D0W9ZY	CC(C)N(CC1=CC=CC=C1)C(=O)CN2C3=CC=CC=C3N4C(=NN=C4C5=CC=CC=C5)C(C2=O)CC6=CNC7=CC=CC=C76
D01SJC	CCC(=O)N(C1=CC=CC=C1)C2(CCN(CC2)CCC3=CC=CS3)COC.C(C(=O)O)C(CC(=O)O)(C(=O)O)O
D0N7SG	C1CCN(C1)CC2CSCCN2C(=O)C3CCC4=CC(=C(C=C34)Cl)Cl.Cl
D0SU1F	CNS(=O)(=O)CC1=CC2=C(C=C1)NC=C2CC3CCCN3C
D08LZI	CC1=CC=C(C=C1)C2=NC(=C(O2)C)CCCCC3COC(OC3)(C)C(=O)O
D0N1HL	CC(C(=O)NC(CC1=CC=C(C=C1)F)C(=O)NC(CC2=CC=CC=C2)C(=O)N)NC(=O)C(CC3=CC=C(C=C3)O)N
D06SBK	CC(COCC1=CC(=CC=C1)C(C)(C)O)C2CCC3C2(CCCC3=CC=C4CC(CC(C4=C)O)O)C
D0R5QQ	CC1=C(C(=CC=C1)COCCCOCC2=COC(=N2)C3=CC=CC=C3)C(=O)O
D0B8JQ	CCC(CC1=CC(=C(C=C1)OC)C(=O)NCC2=CC=C(C=C2)OC3=CC=C(C=C3)F)C(=O)O
D08HGY	COC1CN(CCC1NC(=O)C2=CC(=C(C=C2OC)N)Cl)CCCCCC(=O)OC3CN4CCC3CC4
D0I4GI	CCC(CC)(C=CCC(C)C1=CCC2C1(CCCC2=CC=C3CC(CC(C3=C)F)O)C)O
D0Q8UU	C1=CC(=CC=C1CCCCCCCCCCC(C(=O)O)(Cl)Cl)Cl
D00ECO	CN1CCCC1CCSC2=CC=C(C=C2)O
D09ZQX	C1CN(CCC1N2C(=O)OC(=N2)C3=CC(=C(C4=C3OCCO4)N)Cl)CCC5=CC=CC=C5
D01JGG	CC1=C(C=CC(=C1)SCC2=C(N=C(S2)C3=C(C=C(C=C3)C(F)(F)F)F)C)OC(C)(C)C(=O)O
D09OHP	COC1=CC=C(C=C1)S(=O)(=O)N2C=C(C3=C2C=CC(=C3)OC)CCC(=O)O
D0G1YN	CC1CN(C(CN1C(C2=CC(=CC=C2)C(=O)N(C)C3=CC(=CC=C3)F)C4=CC(=CC=C4)O)C)CC=C
D0X2TO	C1CN(CCN1CCNC(=O)C23CC4CC(C2)CC(C4)C3)C5=NC=CC=N5
D02VZP	C1CN(CCN1CCNC(=O)C2=CC=C(C=C2)F)C3=C4C(=CC=C3)OC(CO4)CO
D0P4BQ	CC(C(=O)NC1(CCC2C1C2C(=O)O)C(=O)O)N
D0B9EN	CC1=C(N=C(O1)C2=CC=CC=C2)CCOC3=C4C=CSC4=C(C=C3)CC(C(=O)O)OC
D00YSJ	C1COCC1NC2=C3C(=NC=N2)N(C=N3)C4C(C(C(O4)CO)O)O
D01BPF	CNS(=O)(=O)CC1=CC2=C(C=C1)NC=C2CCCN3CCN(CC3)C4=NC=NC=C4OC
D0Y0RW	C1CNC(=NC1)NCCCNCC2CCC3=CC=CC=C3O2
D0Z7FU	C1=CN(C(=O)NC1=O)C2C(C(C(O2)COP(=O)(O)OP(=O)(O)OP(=O)(O)O)O)O
D02ALD	CC(C)C(=O)OC1=C(C2=C(CC(CC2)NC)C=C1)OC(=O)C(C)C.Cl
D0P3DM	CCNC1C2CCC(C2)C1C3=CC=CC=C3
D0Y8UB	CC(=O)NCCC1=CC=CC2=C1C=C(C=C2)OC
D0YZ8I	CCCN1C(=C(C2=CC=CC=C21)C(=O)C3=CC=CC4=CC=CC=C43)C
D08QWQ	C1C(C(C(C1O)C=CC(CCC2=CC=CC=C2)O)CC=CCCCC(=O)O)O
D00HTY	CCCCCC(C=CC1C(CC(C1CC=CCCCC(=O)O)O)O)O
D0M9RQ	CC1=NC2=CC=CC(=C2C(=O)N1C3=CC=C(C=C3)OCCCN4CCCC4)C(F)(F)F
D0J6XC	C1=CC(=C(C=C1OC2=C(C=C(C=C2I)CC(=O)O)I)I)O
D03TDW	CCC1C(CSC1=O)CC2=CN=CN2C.OP(=O)(O)O
D00CLM	CC(=NNC(=O)C1=CC=C(S1)C(=O)O)C2=CSC(=C2O)C3=CC(=C(C=C3)Cl)Cl
D00CGH	CC(CC#CC(C)(C)O)C1=CCC2C1(CCCC2=CC=C3CC(CC(C3=C)O)O)C
D0T5FU	CC(C)(C)OC(=O)N1CCOC(C1)CBr
D05ONA	C1CCNC(=O)C(NC(=O)C(NC(=O)C(C1)NC(=O)C(CC2=CC=C(C=C2)O)N)CC3=CNC4=CC=CC=C43)CC5=CC=CC=C5
D0T3DO	CC1(CCC(C2=C1C=C(C(=C2Cl)O)C(=O)NC3=CC(=C(C(=C3)F)C(=O)O)F)(C)C)C
D0K2PS	C1CN(CC=C1C2=CC=CC=C2)CCCCC3=CNC4=C3C=C(C=C4)C(=O)O
D03QKW	CC1=CC(=C(C=C1OCC(=O)O)C)CCNC(C)C(C2=CC=C(C=C2)O)O
D0RN6V	C1CCN(C(C1)CN2CCCC2)C(=O)CC3=CC=C(C=C3)C(F)(F)F
D02YKI	C1CN(CCC1COC2=NOC3=C2C(=CC=C3)OC4CCOC4)CC5(CCOCC5)O
D01QXY	CC1=CC(=CC(=C1CC2=CC(=C(C=C2)O)C(C)C)C)OCC(=O)O
D0G1YO	C1C(CC2=CC=CC=C21)NCC3=C(C=C(C=C3F)C4=CC(=CC=C4)C5=NC=NN5)F
D08WBJ	CC1CC(C(C(O1)OC2C(C(C(C(=O)OC(C(C(C(C(C(CC2(C)O)C)O)C)O)(C)O)C3=CC=CC=C3)C)OC4CC(C(C(O4)C)O)(C)OC)C)O)N(C)C(C)C
D0Z6WI	CC1=C(C2=CC=CC=C2N1)CC(C(=O)NC(CC3=C(NC4=CC=CC=C43)C)C(=O)NC(CC5=C(NC6=CC=CC=C65)C)C(=O)NC(CCCCN)C(=O)N)NC(=O)CCCN
D0O1LU	CC1=C(C2=CC=CC=C2N1)CC(C(=O)N)NC(=O)C(CC3=C(NC4=CC=CC=C43)C)NC(=O)C(C)(C)N
D05VNP	CCCCC1CCC(CC1)C(=O)OC2CCC3C2(CCC4C3CCC5=CC(=O)CCC45C)C
D06TWE	COC1=CC(=CC(=C1)C=C(C2=CC=C(C=C2)OC3=CC=C(C=C3)CC4C(=O)NC(=O)S4)C(=O)OC)OC
D0KE4Z	CCCSC1=NC(=C2C(=N1)N(C=N2)C3C(C(C(O3)COP(=O)(O)OP(=O)(C(P(=O)(O)O)(Cl)Cl)O)O)O)N
D0R9KG	CN1C(=CC=N1)C2=C(C=CC(=C2)NC(=O)C3=CC(=CC=C3)OC)OCCN4CCOCC4
D08EEU	C1CC2=C(C=CC(=C2)CC3C(=O)[N-]C(=O)S3)OC1CC4=CC=CC=C4.[Na+]
D00ZGF	COC1=CC(=C(C=C1C(=O)NCC2CCN(CC2)CCCN3C=CN=N3)Cl)N
D0O9XN	CC1=C(C=CC(=N1)S(=O)(=O)C)NC2=C(C(=NC=N2)OC3CCN(CC3)C(=O)OC(C)C)OC
D0Q8WG	CC(C)(C)NC(=O)C1=NN(C2=C1C3CCC2C3)C4=C(C=C(C=C4)F)F
D0B4CD	CC(C)OC1=C(C=C(C=N1)C2=NC(=NO2)C3=C4C=CN(C4=CC=C3)CCCC(=O)O)Cl
D0FP0D	CCOC(=O)N1CCC(CC1)(C)N2CCC(CC2)N3C4CCCCC4NC3=O
D0S7UQ	CCCCC(C(=O)NC(C)C(=O)NC(C)C(=O)NC(CCCCN)C(=O)NC1CCCCNC(=O)CC(NC(=O)C(NC(=O)C(NC(=O)C(NC1=O)CC2=CC=C(C=C2)O)CC(C)C)CC(=O)N)C(=O)NC(CC(C)C)C(=O)NC(CCCCN)C(=O)NC(CCCCN)C(=O)NCC(=O)NCC(=O)NC(C(C)O)C(=O)N)NC(=O)C(CCC(=O)N)NC(=O)C(CCCCN)NC(=O)C(CCCNC(=N)N)NC(=O)C(CC(C)C)NC(=O)C(CCCCN)NC(=O)C(C(C)O)NC(=O)C(CC3=CC=C(C=C3)O)NC(=O)C(CC(=O)N)NC(=O)C(CCC(=O)O)NC(=O)C(C(C)O)NC(=O)C(CC4=CC=CC=C4)NC(=O)C(C)(C(C)C)NC(=O)C(C)NC(=O)C(CC(=O)O)NC(=O)C(CO)NC(=O)C(CC5=CN=CN5)NC(=O)C
D0U7OS	CCC(CCC(C)C1CCC2C1(CCCC2=CC=C3CC(CC(C3=C)O)O)C)C(C)C
D01YIF	C=CCC1=C(C(=CC=C1)C=NNC(=O)CN2CCN(CC2)CC3=CC=CC=C3)O
D05EPU	COCCNC(=O)COC1=CC=C(C=C1)OCCNCC(COC2=CC=CC=C2)O
D0Z9RJ	C1CC(C(C1)O)NC2=C3C(=NC=N2)N(C=N3)C4C(C(C(O4)CSC5=CC=CC=C5F)O)O
D0OW9L	CC1=NC2=CC=CC(=C2C(=O)N1C3=CC=C(C=C3)OC4CCN(CC4)C5CCC5)C(F)(F)F
D0C7WO	C1CN(CCN1CCCCNC(=O)C2=CC=CC=C2N)C3=NSC4=CC=CC=C43
D0D7CH	CC1(CCC2=C1C(=CC(=C2)NC(=O)C3C4=C(CCN3C(=O)C5CC(C5)CC(=O)O)N=C(C=C4)OC)F)C
D0L8HB	CCCCCCCCCCCCCCCCCC(=O)NCCCCON1C(=NC2=C1C3=CC=CC=C3N=C2N)CCCC
D0M9RI	CC(C)N1C2=CC=CC=C2C(=N1)C3=NN=C(O3)C4CCN(CC4)CCCOC
D0QX9K	CC1=CC(=CN=C1)C2=NN=C(N2C3=C(C=CC=C3OC)OC)NS(=O)(=O)C(C)C(C)C4=NC=C(C=N4)C
D03NHS	CC1=CC(=CC(=C1CCS(=O)(=O)N2CCC3(CC2)C(=O)NC(=N3)C4=CC=C(C=C4)OC(F)(F)F)C)N5C(=O)NC(=O)C5(C)C
D00AYW	CC(C)CC(C(=O)NC1=NN(C=C1)CC(CO)O)N2CC(=CC2=O)OC3=CC=CC=C3Cl
D92KUQ	COC1=C(C=C2CC(C(=O)C2=C1)CC3=C(C=CC=N3)C(F)(F)F)N4CCOCC4
DMDS20	CC#CC(CC(=O)O)C1=CC=C(C=C1)OCC2=CC=C(S2)CN3CCCC4=C3C(=CC=C4)OC
DU2G0C	CC1=C(C=CC(=C1)OCCOCCC(F)(F)P(=O)(O)O)CCC2=CC3=C4C=CC(=CC4=NC(=C3N=C2)N)CCC(=O)O
D7LQJ8	C1CC1C2=C(C(=NO2)C3=C(C=CC=C3Cl)Cl)COC4=CC(=C(C=C4)C5CC5C6=CC=C(C=C6)C(=O)O)Cl
DT4WU3	C1=CC(=CC=C1C2=C(SC3=C2C=CC(=C3)O)OC4=CC=C(C=C4)O)F
D0WM5O	CC(=O)C1=CC2=C(C=C1)NC(C3C2C=CC3)C4=CC5=C(C=C4Br)OCO5
D08FHZ	COC(=O)N1CCC(CC1)CC#CC2=NC(=C3C(=N2)N(C=N3)C4C(C(C(O4)C(=O)NC5CC5)O)O)N
D05KBP	C1CCC(C1)NC2=C3C(=NC=N2)N(C=N3)C4C(C(C(O4)CO[N+](=O)[O-])O)O
D07MME	CCCCCCCCCCCCCCCC(=O)OCC(=O)C1(C(CC2C1(CC(C3(C2CCC4=CC(=O)C=CC43C)F)O)C)C)O
D0T1FC	CCC1=NC2=C(N1CCCCNS(=O)(=O)C)C3=CC=CC=C3N=C2N
D0MO0J	CCCCCCCCCCCCCCCC(=O)NC(CCC(=O)NCCCCC(C(=O)NC(CO)C(=O)NC(CCC(=O)O)C(=O)NC(CC1=CC=C(C=C1)O)C(=O)NC(CC(C)C)C(=O)NC(CC(=O)O)C(=O)NC(CO)C(=O)NC(CCC(=O)O)C(=O)NC(CCCNC(=N)N)C(=O)NC(C)C(=O)NC(CCCNC(=N)N)C(=O)NC(CC(=O)O)C(=O)NC(CC2=CC=CC=C2)C(=O)NC(C(C)C)C(=O)NC(C)C(=O)NC(CC3=CNC4=CC=CC=C43)C(=O)NC(CC(C)C)C(=O)NC(CCC(=O)O)C(=O)NC(C)C(=O)NCC(=O)NCC(=O)O)NC(=O)C(CC(=O)O)NC(=O)C(CO)NC(=O)C(C(C)O)NC(=O)C(CC5=CC=CC=C5)NC(=O)C(C(C)O)NC(=O)CNC(=O)C(CCC(=O)N)NC(=O)C(CO)NC(=O)C(CC6=CNC=N6)N)C(=O)O
D0E8IZ	CC(=O)C1=CC2=C(C=C1)OC(C(C2NC(=O)C3=CC(=C(C=C3)F)Cl)O)(C)C
D0O4NR	CCCCCC=CCC(C=CC=CC=CC(CCCC(=O)O)O)O
D03FLT	C1=CC(=CC=C1CC(=O)O)OCCNCC(C2=CN=C(C=C2)N)O
D0U0KR	CNC(=O)C1C(C(C(O1)N2C=NC3=C(N=C(N=C32)Cl)NCC4=CC(=CC=C4)I)O)O
D0H5BC	CC12CC(=C)C3C(C1C=CC2(C#C)O)CCC4=CC(=O)CCC34
D06UKG	CC(C)(CC1=CC=C(C=C1)OC2=NC=C(C=C2)C(=O)N)NCC(COC3=CC=CC4=C3C5=CC=CC=C5N4)O
D0I2RB	CCCC1=CC(=C(C=C1)COC2=CC3=C(C=C2)C(=C(CC3)CN4CC(C4)C(=O)O)C)OC
D0Q7NB	C1COCCC1CNC(=O)C2=CN=C(N=C2C(F)(F)F)NC3=C(C=C(C=C3)Cl)Cl
D09ALE	CN(C1CCC2(CCCO2)CC1N3CCCC3)C(=O)CC4=C5C=COC5=CC=C4
D03MYO	CC(C)C1=CC(=NNC1=O)OC2=C(C=C(C=C2Cl)N3C(=O)NC(=O)C(=N3)C#N)Cl
D07QHF	CCC1=CN=C(N=C1)N2CCC(CC2)C3=NC(=CS3)COC4=CC=C(C=C4)N5C=NN=N5
D01OXH	CC(COC1=CC(=C(C=C1)C(=O)N2CCC(C(=CC(=O)NCCO)C3=C2C=CC(=C3)F)(F)F)C(F)(F)F)F
D0I5IM	CC1=CC=C(C=C1)CN2C(=O)NC(=N2)CCCC3=CC=C(C=C3)OC(C)(C)C(=O)O
D0U7HL	CC(CC1=CC2=C(C=C1)OC(CO2)C(=O)O)NCC(C3=CC(=CC=C3)Cl)O
D06MNF	CN1CCN(CC1)C2=CC=CC3=C2OC(=O)N3
D0O8BS	CC1=CN=C(C=N1)NC(=O)C2=CC(=CC(=C2)OC(C)COC)OC3=NC=C(N=C3)C(=O)N4CCC4
D0J6KZ	CCC1=C(C=C(C(=O)N1CC2=CC=C(C=C2)F)C(=O)NC3(CCCCC3)C(=O)O)C
D0G6EI	CC(C)(C)C1=CC=C(C=C1)CN(CC2=CC(=CC=C2)OCC(=O)O)S(=O)(=O)C3=CN=CC=C3
D0VU2M	CC(CC1=CC=C(C=C1)OC)NCC(C2=C3C=CC(=O)NC3=C(C=C2)O)O.Cl
D0XH0K	CCC1C(C(=O)C(C2=C(CC(O2)(C(C(C(C(C(=O)O1)C)OC3CC(C(C(O3)C)O)(C)OC)C)OC4C(C(CC(O4)C)N(C)C(C)C)O)C)C)C)(C)OC.CCC1C(C(=O)C(C2=C(CC(O2)(C(C(C(C(C(=O)O1)C)OC3CC(C(C(O3)C)O)(C)OC)C)OC4C(C(CC(O4)C)N(C)C(C)C)O)C)C)C)(C)OC.C(=CC(=O)O)C(=O)O
D07WYI	CCC(C)C(C(=O)NC(C(C)CC)C(=O)NC(CC1=CNC2=CC=CC=C21)C(=O)O)NC(=O)C(CC(=O)O)NC(=O)C(CC(C)C)NC(=O)C(CC3=CNC=N3)NC(=O)C(C)NC(=O)C(CC4=CC=CC=C4)NC(=O)C(CC5=CC=C(C=C5)O)NC(=O)C(C(C)C)NC(=O)C(C)NC(=O)C(CCC(=O)O)NC(=O)C(CCC(=O)O)NC(=O)C(CC(=O)O)NC(=O)CCC(=O)O
D0XE0X	C1C(OC2=C(O1)C=CC3=C2CC(=O)N3)CNCC4=CC=CC=C4.C(=CC(=O)O)C(=O)O
D0C5VQ	COC1=C(C=CC(=C1)C2C(OC3=C(O2)C=C(C=C3)C4C(C(=O)C5=C(C=C(C=C5O4)O)O)O)CO)O
D0G0RT	CC(CC1=CC=C(C=C1)OC)NCC(C2=C3C=CC(=O)NC3=C(C=C2)O)O
D03QWO	CCC1(CC2=CC=CC=C2O1)C3=NCCN3
D05AAD	C(C1C(C(C(O1)N2C3=C(C(=O)NC(=N3)N)SC2=O)O)O)O
D0D8FN	CC(CNC(=O)C)C1=CNC2=CC(=C(C=C21)OC)Cl
D07QAK	CCCCCCOC1=NSN=C1C2=CCCN(C2)C.C(C(C(=O)O)O)(C(=O)O)O
D0A5EF	C1=CC(=CC(=C1)C(=O)O)C2=CC(=CC=C2)NCCNCC(C3=CC(=CC=C3)Cl)O
D07QQP	C1C(C(OC1N2C=CC(=NC2=O)N)COP(=O)([O-])OP(=O)([O-])OP(=O)([O-])OP(=O)([O-])OCC3C(C(C(O3)N4C=CC(=O)NC4=O)O)O)O.[Na+].[Na+].[Na+].[Na+]
D09UMP	C1C(OC2=CC=CC=C2O1)CNCCCOC3=CC4=C(C=C3)OCO4.Cl
D06MIQ	C1=CC(=CC=C1CCOC2=NC(=C3C(=N2)N(C=N3)C4C(C(C(O4)CO)O)O)N)Cl
D0E6ME	COC(CC1=CC=C(C=C1)N)C(=O)O
D01BVI	C1=CC(=CC=C1SC2=CC(=C(C=C2Cl)Cl)Cl)Cl
D0L5WA	CCCC1=CC(=NN=C1C2=CC=CC=C2)NCC(C)(C)N(CC)CC.CCCC1=CC(=NN=C1C2=CC=CC=C2)NCC(C)(C)N(CC)CC.C(=CC(=O)O)C(=O)O.C(=CC(=O)O)C(=O)O.C(=CC(=O)O)C(=O)O
D0L1KX	CCCCC(C(=O)NC(CCCN=C(N)N)C(=O)NCC1=CC=NC=C1)NC(=O)C(CC2=CC=CC=C2)NC(=O)C(CC3=CC=CC=C3)N
D0S3YN	CCC(C)C1C(=O)NC(C(=O)NC(C(=O)NC(CSSCC(C(=O)NC(C(=O)N1)CC2=CC=CC=C2)N)C(=O)N3CCCC3C(=O)NC(CCCNC(C)C)C(=O)NCC(=O)N)CC(=O)N)CCCC(=O)N
D0W9NO	CCCCCCC#CC1=NC(=C2C(=N1)N(C=N2)C3C(C(C(O3)CO)O)O)N
D0L6LD	CCN(CC)CCN(CCNCCC1=C2C(=C(C=C1)O)NC(=O)S2)C(=O)CCOCCC3=CC=CC4=CC=CC=C43
D03YAS	COCC1=CC=CC(=C1)CC(C=CC2C(CC(=O)C2CCSCCCC(=O)O)O)O
D04YAJ	CCNC(=O)C1C(C(C(O1)N2C=NC3=C(N=CN=C32)NC4CCCC4)O)O
D00PJJ	CCCCCS(=O)(=O)NC(=O)C1=CC2=C(C=C1)N=C(N2CC3=C(C=C(C=C3)Cl)Cl)C
D0R8IE	CC(CC#CC(C)(C)O)C1CCC2C1(CCCC2=CC=C3CC(CC(C3)O)O)C
D08FKH	COC1=C(C(=C(C=C1)F)F)COC2=C(C=C(C(=C2)N3C(=O)C4=C(SC=C4NC3=O)C(=O)O)F)OC
D07LWT	CCC(C)C1C(=O)NC(C(=O)NC(C(=O)NC(CSCCCC(=O)NC(C(=O)N1)CC2=CC=C(C=C2)O)C(=O)N(CC3=CC=C(C=C3)F)CC(=O)NC(CC(C)C)C(=O)NCC(=O)N)CC(=O)N)CCC(=O)N
D03LQC	CCCCCCCCCCCCC#CC#CCCCCCCCCC(=O)NCCOCCOCCOCCOCCOCCC(=O)NCCCCCOC1(CC(C(C(O1)C(C(CO)O)O)NC(=O)C)O)C(=O)O
D0OP8W	C1CN(CCN1CCCCN2C(=O)C3C4C=CC(C3C2=O)C5C4C=C5)C6=NC=CC=N6
D0Y5ZT	C1=CC=C(C=C1)COC2=CC(=CC=C2)SC3=CC(=C(C=C3)CCC(CO)(CO)N)Cl.Cl
D08FSD	CC(=O)NC(CCCN=C(N)N)C(=O)NC(CC1=CC=C(C=C1)O)C(=O)NC(CC2=CC=C(C=C2)O)C(=O)NC(CCCN=C(N)N)C(=O)NC(CC3=CNC4=CC=CC=C43)C(=O)NC(CCCCN)C(=O)NC(CCCCN)C(=O)NC(CCCCN)C(=O)NC(CCCCN)C(=O)NC(CCCCN)C(=O)NC(CCCCN)C(=O)NC(CCCCN)C(=O)N
D04EIF	C=CCN1C2=C(N=C(NC2=O)N)N(C1=O)C3C(C(C(O3)CO)O)O
D04DQZ	CCN(CC)C(=O)C1=CC=C(C=C1)C(C2=CC(=CC=C2)N)N3CCN(CC3)CC4=CC=C(C=C4)F
D0U1NA	C1CC2=C(C1CC3=CN=CN3)C=C(C=C2)O
D0Y3LL	C1=CC(=CC(=C1)OCC(=O)O)CN(CC2=CC=C(C=C2)N3C=CC=N3)S(=O)(=O)C4=CN=CC=C4
D05ZDJ	CCC(C)C(C(=O)NC(C(C)CC)C(=O)NC(CCSC)C(=O)NC(CC(=O)O)C(=O)NC(CCCNC(=N)N)C(=O)N1CCCC1C(=O)NC(CC2=CC=CC=C2)C(=O)NC(CC(C)C)C(=O)NC(CC3=CC=C(C=C3)O)C(=O)NC(C(C)C)C(=O)NC(C(C)C)C(=O)NC(CCCNC(=N)N)C(=O)N)NC(=O)C(CCC(=O)O)NC(=O)C(CCC(=O)O)NC(=O)C4CCCN4C(=O)C(C)NC(=O)C(CCSC)NC(=O)C(CCCNC(=N)N)NC(=O)C.C(=O)(C(F)(F)F)O
D09TGC	C1C2C1C3=C(C2)C(=NN3)C(=O)O
D06HCF	CC1(CC2=C(O1)C(=CC(=C2N)Cl)C(=O)NCC3CCN(CC3O)CCCOC)C
D04ODO	CCCCCN1C2=C(C(=O)NC1=O)NC(=N2)Cl
D04XCO	CCCCOC1=NC(=C2C(=N1)N(C(=O)N2)CCCN(CCCN3CCOCC3)CC4=CC=CC(=C4)CC(=O)OC)N
D0D5VJ	CCNC(=O)C1C(C(C(O1)N2C=NC3=C(N=C(N=C32)C(=O)NCCNC(=O)NC4CCN(CC4)C5=CC=CC=N5)NCC(C6=CC=CC=C6)C7=CC=CC=C7)O)O
D01HBG	CCCNC(=O)C1=CC2=C(C=C1)SC3=CC=CC=C3N2C(C)CN4CCCC4
D02ORS	COC1=CC(=C(C=C1C(=O)NCC2CCN(CC2)CCC(C3=CC=C(C=C3)F)OC(=O)N)Cl)N
D0E1WH	C1CCC(CC1)C2CC2(C3=CC=C(C=C3)S(=O)(=O)C4CC4)C(=O)NC5=NC=C(S5)SCCN6CCCC6
D0R2SK	C1CC2C(C1)C3=C(C=CC(=C3)O)OC2C4=CC=C(C=C4)O
D06GNF	C1CCC(CC1)C(C#CC2C(CC(C2CCCCSCC(=O)O)Cl)O)O.O
D07LZH	C=CC1=C2C(=CC(=C1)O)N=C(O2)C3=CC(=C(C=C3)O)F
D0U7WF	CCCCC(C)(C)C(C=CC1C(CC(=O)C1CC=CCCCC(=O)O)O)O
D0R1YL	CCC1C(=O)NC2(S1)CCN(CC2)C
D0V9IE	C1=CC=C(C=C1)C(CNCCOC2=CC=C(C=C2)CC(=O)O)O.Cl
D07WHS	CC(CC1=CC2=C(C=C1)OC(O2)(C(=O)[O-])C(=O)[O-])NCC(C3=CC(=CC=C3)Cl)O.[Na+].[Na+]
D05ZWG	CC(C)CC(C(=O)NC(CCSC)C(=O)N)NC(=O)CNC(=O)C(CC1=CC=CC=C1)N(C)C(=O)C(CC2=CC=CC=C2)NC(=O)C(CC(=O)O)NC(=O)CCC(=O)O
D00HTO	CC(C)OP(=O)(C(CC1=CC(=C(C(=C1)C(C)(C)C)O)C(C)(C)C)P(=O)(OC(C)C)OC(C)C)OC(C)C
D0F6TD	C1CN(CC=C1C2=CC=CC=N2)CCCCN3C(=COC4=CC=CC=C4C3=O)Cl
D04GMY	CC(C)N1C2=CC=CC=C2C=C(C1=O)C(=O)NC3CC4CCC(C3)N4CC(CN(C)S(=O)(=O)C)O
D05NZV	CC(CC1=CC=C(C=C1)OCC(=O)OC)NCC(C2=CC(=CC=C2)Cl)O
D0E6AH	CCCC=CC=CC(=O)OC1C(=CC(=O)OC)CC2CC(OC(=O)CC(CC3CC(C(C(O3)(CC4CC(=CC(=O)OC)CC(O4)C=CC(C1(O2)O)(C)C)O)(C)C)OC(=O)C)O)C(C)O
D0V5WL	CSCCC(C(=O)O)NC(=O)C(CC1=CC=CC=C1)NC(=O)CNC(=O)CNC(=O)C(CC2=CC=C(C=C2)O)N
D0W9ZT	CCN(CC)C(=O)C1=CC=C(C=C1)C2=CC3(CCNCC3)OC4=CC=CC(=C42)O.Cl
D0N9VZ	CCN(CC)C(=O)C1=CC(=C(C=C1)C2=CC3(CCNCC3)OC4=CC=CC=C42)O.Cl
D0C6MS	C1CCC(C1)CC(C(=O)NC2=NC=C(C=C2)C(=O)O)N3C=C(N=C3)C(F)(F)F
D0UO4B	CC(C)(C(=O)NC(COCC1=CC=CC=C1)C(=O)N2CCC3=NN(C(=O)C3(C2)CC4=CC=CC=C4)C)N
D01HXA	C1C(COC2=C1C=CC(=C2)O)C3=CC=C(C=C3)O
D0D1FC	CC(C)(CC1=CC=C(C=C1)OC2=NC=C(C=C2)C(=O)N)NCC(COC3=CC=CC4=C3NC(=O)N4)O
D00BWF	CC1=C(C(=CC=C1)C(C)C2=CNC(=S)N2)C
D0I3YX	C1=CC(=CC=C1C2=C(C(=NC(=C2C#N)SCC3=CSC(=N3)C4=CC=C(C=C4)Cl)N)C#N)OCCO
D0J1AV	C1=CC=C(C=C1)C(COCCCCCCNCC(C2=C3C=CC(=O)NC3=C(C=C2)O)O)(F)F
D0YF4I	CN(C)C(=O)COC1=CC2=C(CCC(C2)NCC(C3=CC(=C(C=C3)O)CCO)O)C=C1.CN(C)C(=O)COC1=CC2=C(CCC(C2)NCC(C3=CC(=C(C=C3)O)CCO)O)C=C1.OS(=O)(=O)O
D0C8PE	C1CN(CCC1NC2=NN=C(C=C2)C(F)(F)F)CC3=CC(=C(C=C3)F)F
D00CVJ	COC1=CC2=C(C=C1)NC=C2CCNC(=O)C3=CC(=O)C=CO3
D05EUR	C1CC1C2=C(C(=NO2)C3=CC=CC=C3OC(F)(F)F)COC4CC5CCC(C4)N5C6=NC7=C(C=C(C=C7S6)C(=O)O)F
D0N5CW	CCCCCCCCC=CCCCCCCCC(=O)OC1=CC2=C(C=C1)C3CCC4(C(C3CC2)CCC4=O)C
D0V6OZ	C1=CC2=C(C=CN=C2)C(=C1)[N+](=O)[O-]
D0BF4Z	CCC1=CC=C(C=C1)N(CC(C)C)S(=O)(=O)C2=CC(=C(C=C2)OCC3CCOCC3)CO
D0T7YE	CC(C)(CC1CN(C2=C(O1)C=CC(=C2)C3=CC(=CC(=C3)F)OC(F)F)S(=O)(=O)C4=CC=CC(=C4)C(F)(F)F)C(=O)O
D0F6YM	CC1CC2C3CCC4=CC(=O)C=CC4(C3=CCC2(C1(C(=O)CO)O)C)C
D0I4PW	CC(C)(C)C(CO)NC(=O)C1=NN(C2=C1CC3C2C3)C4=NC=C[N+](=C4)[O-]
D0F5AR	CC(C)CC(C(=O)NC(CC(=O)N)C(=O)NC(CO)C(=O)NC(CO)C(=O)O)NC(=O)C(C)NC(=O)C(CCCN=C(N)N)NC(=O)C(CCC(=O)O)NC(=O)C(CC(C)C)NC(=O)C(CCC(=O)N)NC(=O)C(CCC(=O)O)NC(=O)C1CCC(=O)N1
D0JB3H	CC1(CCC2(CCC3(C(C2C1)C(=O)C=C4C3(CCC5C4(C=C(C(=O)C5(C)C)C#N)C)C)C)NC(=O)C(C)(F)F)C
D0UD1Y	CC(C(=O)NC(C)C(=O)OCCOC1=CC=C(C=C1)C2=C(C(=NC(=C2C#N)SCC3=CSC(=N3)C4=CC=C(C=C4)Cl)N5CCCC5)C#N)N
D08VIS	COC(=O)NC(CC1=CC=CC=C1)C(=O)NC(CC2=CC=C(C=C2)NS(=O)(=O)O)C3=CSC(=N3)C4=CC=CS4
D0M4TJ	C1CC(CCC1COCC(=O)O)COC(=O)N(C2=CC=CC=C2)C3=CC=C(C=C3)Cl
DT56YX	CCCCCC1=CC(=CC=C1)CC(=O)O
DDI6B0	CC(C)COC1=CC=C(C=C1)CNC(=O)N(CC2=CC=C(C=C2)F)C3CCN(CC3)C.CC(C)COC1=CC=C(C=C1)CNC(=O)N(CC2=CC=C(C=C2)F)C3CCN(CC3)C.C(C(C(=O)O)O)(C(=O)O)O
D5XV9K	C1CN(CCC1C2=NC(=CC=C2)OCC3=C(C=C(C=C3)C#N)F)CC4=NC5=C(N4CC6CCO6)C=C(C=C5)C(=O)O
D53QMP	CC1=CCCC(=C)C2CC(C2CC1)(C)C
DOV7J4	CCCCC(C)(CO)NC1=NC(=NC2=C1N=CC(=C2)F)N
DW9ML8	CN1C2=C(COC3=C2C=C(C=C3)Cl)C(=N1)C(=O)N(CC4=CC=CC=C4)CC5=CC=C(C=C5)C(=O)O
DBU2W3	C1CN(CCN1C2=C(C3=C(C=C2)OC(=C3)C(=O)O)Cl)S(=O)(=O)C4=C(C=CC=C4Cl)Cl
D2L8NT	CCCN1CC(CC2C1CC3=CNC4=CC=CC2=C34)CSCC(=O)NCCCCC(C(=O)NC5CSSCC(NC(=O)C(NC(=O)C(NC(=O)C(NC(=O)C(NC5=O)CC6=CC=C(C=C6)O)CC7=CNC8=CC=CC=C87)CCCCN)CC)C(=O)NC(C(C)O)C(=O)N)NC(=O)CSCC9CC1C(CC2=CNC3=CC=CC1=C23)N(C9)CCC
D0W9VW	CC1CNC(C(=O)N(C(C(=O)NC(C(=O)NCCCC2=CC=CC=C2O1)CC3=CC=C(C=C3)F)C)C)C4CC4
D06ZXH	C1CC(C1)CN2CCC34C5C(CCC3(C2CC6=C4C(=C(C=C6)O)O5)O)O.Cl
D00GZW	CCCCCCC(CCC)C(=O)O
D0X7VB	CC(=O)NCCOC(=O)C(C1=CC=C(C=C1)Cl)OC2=CC=CC(=C2)C(F)(F)F
D00SOZ	CC(C)OC(=O)CNC1=CC=CC(=N1)CN(CC2=CC=C(C=C2)N3C=CC=N3)S(=O)(=O)C4=CN=CC=C4
D0H8OH	CC1(CCC(C2=C1C=C(C(=C2)C=CC3=CC=C(C=C3)C(=O)O)CN4C=CC=N4)(C)C)C
D01XPY	C(CC(C(=O)O)N)CNC(=O)N
D0L9KH	C1CCC(C1)C2=C(C=C(C=C2)COC3=CC4=C(C=C3)NC5=C4CCC5CC(=O)O)C(F)(F)F
D05OZQ	C1CC(N(C1)CCCOCCOCCCNCCCCC(C(=O)O)N)C(=O)O
D04ZKY	CNCC1C2=C(CCO1)C=CS2
D08TJM	C1CCC(CC1)C=NNC2=NC(=C3C(=N2)N(C=N3)C4C(C(C(O4)CO)O)O)N
D01IUS	CC1=NC2=C(C=C1)C(=CC=C2)NCC(CC(C)(C)C3=CC(=CC4=C3OCC4)F)(C(F)(F)F)O
D0D7UD	CCCCCC(C=CC1C(CC(=C1CCCCCCC(=O)OCCCC)OC(=O)CCC)O)O
D0DY7W	C1C(CN(C1=O)CC2=CC=CC=C2)CN
D0Q5AT	CCC1=C(C=C2CC(CC2=C1)NCC(C3=C4C=CC(=O)NC4=C(C=C3)O)O)CC.C[N+]1(CCC(C1)OC(=O)C(C2CCCC2)(C3=CC=CC=C3)O)C.[Br-]
D07YVK	CNC1CC2=C3C(=CC=C2)NC(=O)N3C1
D0A1AQ	CC1=C(NC(=C1CCC(=O)O)C)C=C2C3=CC=CC=C3NC2=O
D0Q6IW	COC1=CC2=C(C=C1)NC(=O)C2=CC3C=NC=N3
D0B6RA	C1C(C2C(C2S1(=O)=O)C(=O)O)(C(=O)O)N
D0G6ZG	C1=CC=C2C(=C1)C(C(C3=C2C=C4C=CC5=C(C4=C3)C=CC(C5O)O)O)O
D07TQN	CN(C(CN1CCC(C1)O)C2=CC=CC=C2)C(=O)C(C3=CC=CC=C3)C4=CC=CC=C4
D0S6AE	C1=CN(C(=O)NC1=O)C2C(C(C(O2)COP(=O)(O)OP(=O)(O)OP(=O)(O)OP(=O)(O)OCC3C(C(C(O3)N4C=CC(=O)NC4=O)O)O)O)O
D0T6TW	CCC(C)C(C(=O)N1CCSC1)[NH3+]
D08PFA	CN1C2=C(C=CC(=C2)OC)N=C1COC3=CC=C(C=C3)CC4C(=O)NC(=O)S4
D0K2ID	CN1CCC23C4C(CCC2(C1CC5=C3C(=C(C=C5)OC)O4)O)OCCOCCOCCOCCOCCOCCOC
D02HUB	CC(=O)C1(C(=C)CC2C1(CCC3C2CCC4=CC(=O)CCC34)C)OC(=O)C
D0MH8O	CCC(C)C(C(=O)NC(CC1=CN=CN1)C(=O)N2CCCC2C(=O)O)NC(=O)C(CC3=CC=C(C=C3)O)NC(=O)C(C(C)C)NC(=O)C(CCCN=C(N)N)NC(=O)C(CC(=O)O)N
D0C2OR	C1COC2=C(C=C(C=C2)[N+](=O)[O-])C(=O)NC(C(=O)NC(C(=O)NC1C(=O)NCC(=O)O)CCCCN)CCC(=O)O
D0B1EQ	CCC(C)C(C(=O)NC(C)C(=O)NC(CC1=CNC2=CC=CC=C21)C(=O)NC(CC(C)C)C(=O)NC(C(C)C)C(=O)NC(CCCCN)C(=O)NC(C)(C)C(=O)NC(CCCNC(=N)N)C(=O)N)NC(=O)C(CC3=CC=CC=C3)NC(=O)C(CCC(=O)O)NC(=O)C(CCCCN)NC(=O)C(C)NC(=O)C(C)NC(=O)C(CCC(=O)N)NC(=O)CNC(=O)C(CCC(=O)O)NC(=O)C(CC(C)C)NC(=O)C(CC4=CC=C(C=C4)O)NC(=O)C(CO)NC(=O)C(CO)NC(=O)C(C(C)C)NC(=O)C(CC(=O)O)NC(=O)C(CO)NC(=O)C(C(C)O)NC(=O)C(CC5=CC=CC=C5)NC(=O)C(C(C)O)NC(=O)CNC(=O)C(CCC(=O)O)NC(=O)C(C)(C)NC(=O)C(CC6=CN=CN6)N
D0Y6ZK	CNC(=O)C1C(C(C(O1)N2C=NC3=C(N=CN=C32)NCC4=CC(=CC=C4)I)O)O
D0CO3N	CC#CCC(C)C(C=CC1C(CC2C1C3=CC=CC(=C3O2)CCCC(=O)O)O)O
D07GJZ	CCN1C=C2CC3C(CC(CN3C)NS(=O)(=O)N(CC)CC)C4=C2C1=CC=C4
D01UXW	CN1CCC23C4C1CC5=C2C(=C(C=C5)O)OC3C(C=C4)OC6C(C(C(C(O6)C(=O)O)O)O)O
D0YS2W	CC(CC1=CC=C(C=C1)OC)NCC(C2=CC(=C(C=C2)O)NC=O)O.CC(CC1=CC=C(C=C1)OC)NCC(C2=CC(=C(C=C2)O)NC=O)O.C(=CC(=O)O)C(=O)O.O
D0K8NR	[Na]
D0QG9A	CCNC(=O)C1C(C(C(O1)N2C=NC3=C(N=C(N=C32)C#CCC4CCC(CC4)C(=O)OC)N)O)O
D01TEA	CCCCC(C(=O)NC(CC1=CC=C(C=C1)O)C(=O)NC(C(C)CC)C(=O)NC(CC2=CN=CN2)C(=O)N3CCCC3C(=O)O)NC(=O)C(CCCN=C(N)N)NC(=O)C(CC(=O)O)N
D0K3OK	CC(C)CC(C(=O)NC(CCCCN)C(=O)N1CCC(CC1)(C(=O)O)N)NC(=O)C(CC2=CC=CC=C2)NC(=O)C(CC3=CC=CC=C3)N
D0B4RU	CC(=O)C1CCC2C1(CCC3C2CC=C4C3(CCC(C4)O)C)C
D04DJN	CC12CCC(=O)CC1CCC3C2CCC4(C3CCC4O)C
D4Q5AW	CC#CCC(C)C(C=CC1C(CC2C1C3=CC=CC(=C3O2)CCCC(=O)O)O)O
D04BCB	CN(CCOC1=CC=C(C=C1)CC2C(=O)NC(=O)S2)C3=CC(=NC=N3)OC4=CC=C(C=C4)OC
D0X9PF	CCCCC(C(=O)NC1CC(=O)NCCCCC(NC(=O)C(NC(=O)C(NC(=O)C(NC(=O)C(NC1=O)CC2=CN=CN2)CC3=CC=CC=C3)CCCN=C(N)N)CC4=CNC5=CC=CC=C54)C(=O)O)NC(=O)C
D01UUD	C1CCN(CC1)CCCOCCCC2=CC=C(C=C2)Cl
D01NQM	CN1CCC(CC1)C(=O)C2=NC(=CC=C2)NC(=O)C3=C(C=C(C=C3F)F)F
D06FOU	CC(C)(C)C1=C(C=CC(=C1)C2=C(C=CC(=C2)C3=CC=C(C=C3)C(=O)O)OCCO)N4CCCC4
D0DH5X	C1CC(NC1CC2=CC=C(C=C2)NC(=O)C3CCC4=NC=CC(=O)N34)C(C5=CC=CC=C5)O
D04QIE	CCC(C(=O)O)OC1=CC=CC(=C1)CN(CCCOC2=CC=C(C=C2)OC)C3=NC4=CC=CC=C4O3
D07EDB	CC(C)OC1=C(C=C(C=C1)C2=NC(=NO2)C3=C4CCC(C4=CC=C3)NCCO)C#N
D0YP7B	CC1C(=O)NC(C(=O)NC(C(=O)NC(C(=O)NC(C(=O)NC(CSSCC(C(=O)N1)NC(=O)C(CCCN=C(N)N)NC(=O)C)C(=O)N)CC2=CNC3=CC=CC=C32)CCCN=C(N)N)CC4=CC=CC=C4)CC5=CN=CN5
D0Y4SI	CCCN=C1N(C(=O)C(=CC2=CC(=C(C=C2)OCC(CO)O)Cl)S1)C3=CC=CC=C3C
D0O5TQ	CC(C)(C)OC(=O)NCCC(=O)NC(CC1=CNC2=CC=CC=C21)C(=O)NC(CCSC)C(=O)NC(CC(=O)O)C(=O)NC(CC3=CC=CC=C3)C(=O)N
D0J5DC	CCOC(=O)C(C)(C)OC1=CC=C(C=C1)Cl
D07ZTO	CC(C[N+](C)(C)C)OC(=O)N
D0T5OX	CCC(=O)N(C1=CC=CC=C1)C2(CCN(CC2)CCC(=O)OC)C(=O)OC
D08FJL	CCC(C)C1C(=O)NC(C(=O)NC(C(=O)NC(CSCCCC(=O)NC(C(=O)N1)CC2=CC=C(C=C2)OC)C(=O)N3CCCC3C(=O)NC(CC(C)C)C(=O)NCC(=O)N)CC(=O)N)CCC(=O)N
D07XGR	CC(C)OC(=O)C(C)(C)OC1=CC=C(C=C1)C(=O)C2=CC=C(C=C2)Cl
D03OFF	CCC1=CN=C(C=C1)CCOC2=CC=C(C=C2)CC3C(=O)NC(=O)S3
D05ZTH	CC#CCC(C)C(C=CC1C(CC2C1CC(=CCCCC(=O)O)C2)O)O
D09CZA	CC(C)OC(=O)CCCC=CCC1C(CC(C1C=CC(COC2=CC=CC(=C2)C(F)(F)F)O)O)O
D06CTE	CC(C)CN1C=NC2=C1C3=CC=CC=C3N=C2N
D06YFA	CC(C)CC1C(=O)N2CCCC2C3(N1C(=O)C(O3)(C(C)C)NC(=O)C4CN(C5CC6=C(NC7=CC=CC(=C67)C5=C4)Br)C)O
D03SKD	CN1CCC23C4C(=O)CCC2(C1CC5=C3C(=C(C=C5)OC)O4)O
D0H7KF	C1CN(CCN1CCOCCO)C2=NC3=CC=CC=C3SC4=CC=CC=C42
D0IT2G	CC1CC2C3CCC4=CC(=O)C=CC4(C3(C(CC2(C1(C(=O)CO)O)C)O)F)C
D0N4OW	C1CC(N(C1)C(=O)C2CSSCC(C(=O)NC(C(=O)NC(C(=O)NC(C(=O)NC(C(=O)N2)CC(=O)N)CCC(=O)N)CC3=CC=CC=C3)CC4=CC=C(C=C4)O)N)C(=O)NC(CCCN=C(N)N)C(=O)NCC(=O)N
D0U5FF	CCNC(=O)C1CCCN1C(=O)C(CCCN=C(N)N)NC(=O)C(CC(C)C)NC(=O)C(CC(C)C)NC(=O)C(CC2=CC=C(C=C2)O)NC(=O)C(CO)NC(=O)C(CC3=CNC4=CC=CC=C43)NC(=O)C(CC5=CN=CN5)NC(=O)C6CCC(=O)N6
D0V4QS	CC1=CC2=C(S1)NC3=CC=CC=C3N=C2N4CCN(CC4)C
D00BCG	CC(C)CC(C(=O)NC(CCCN=C(N)N)C(=O)N1CCCC1C(=O)NNC(=O)N)NC(=O)C(COC(C)(C)C)NC(=O)C(CC2=CC=C(C=C2)O)NC(=O)C(CO)NC(=O)C(CC3=CNC4=CC=CC=C43)NC(=O)C(CC5=CN=CN5)NC(=O)C6CCC(=O)N6
D0U2OO	C1CCC2(C1)CC(=O)N(C(=O)C2)CCCCN3CCN(CC3)C4=NC=CC=N4
D03GCJ	CC(C)(C)NCC(COC1=CC=CC2=C1CCC(=O)N2)O
D04PHC	CNCC(C1=CC(=C(C=C1)O)O)O
D06AWE	CC(C)(C)C(C)(C1CC23CCC1(C4C25CCN(C3CC6=C5C(=C(C=C6)O)O4)CC7CC7)OC)O
D0Q4CS	CC1OC2(CN3CCC2CC3)CS1
D0H3HM	C1CC(=O)NC2=C1C=CC(=C2)OCCCCN3CCN(CC3)C4=C(C(=CC=C4)Cl)Cl
D0V3ZA	CC1(C(=O)N2C(C(=O)N3CCCC3C2(O1)O)CC4=CC=CC=C4)NC(=O)C5CC6C(CC7=CNC8=CC=CC6=C78)N(C5)C
D0R1JV	C1CN(CCN1CCC2=C(C=C3C(=C2)CC(=O)N3)Cl)C4=NSC5=CC=CC=C54
D0D7LA	CN(C)C(=N)N=C(N)N
D0P1FO	CCCCCC1=CC(=C2C3C=C(CCC3C(OC2=C1)(C)C)C)O
D05VIX	CC1=CC(=C(C=C1)C)OCCCC(C)(C)C(=O)O
D0N1TP	CC(C=CC(C)C(C)(C)O)C1CCC2C1(CCCC2=CC=C3CC(CC(C3)O)O)C
D0T7OW	C1=CC(=C(C=C1CCN)O)O
D03DIG	CN1CCC23C4C1CC5=C2C(=C(C=C5)OC)OC3C(C=C4)O
D0X9RG	C1CCC2(C3CC4=C(C2(C1)CCN3CC5CCC5)C=C(C=C4)O)O
D0H3MG	C1CC(N(C1)C(=O)C2CSSCC(C(=O)NC(C(=O)NC(C(=O)NC(C(=O)NC(C(=O)N2)CC(=O)N)CCC(=O)N)CC3=CC=CC=C3)CC4=CC=CC=C4)N)C(=O)NC(CCCCN)C(=O)NCC(=O)N
D0Z6UC	CNS(=O)(=O)CC1=CC2=C(C=C1)NC=C2CCN(C)C
D0S9MU	CN(C)CCC1=CNC2=C1C=C(C=C2)CN3C=NC=N3
D0BD8D	COC1CN(CCC1NC(=O)C2=CC(=C(C=C2OC)N)Cl)CCCOC3=CC=C(C=C3)F
D0O6IU	CNCC(C1=CC(=CC=C1)O)O
D04EYC	CC(C(C1=CC(=CC=C1)O)O)N
D0BA6T	CC(CC1=CC(=C(C=C1)O)O)(C(=O)O)N
D0C1IW	CC(CO)NC(=O)C1CN(C2CC3=CNC4=CC=CC(=C34)C2=C1)C
D0LG8E	CC(C(C1=CC=CC=C1)O)NC
D0J7RK	CC(CCC1=CC=C(C=C1)O)NCCC2=CC(=C(C=C2)O)O
D0M8RC	CC(C)(C)NCC(C1=CC(=CC(=C1)O)O)O
D04KJO	CC(CC1=CC=C(C=C1)OC)NCC(C2=CC(=C(C=C2)O)NC=O)O
D0K5CB	CC(C)(C)NCC(C1=CC(=C(C=C1)O)CO)O
D0SS4P	CC(C)(C)NCC(C1=NC(=C(C=C1)O)CO)O
D07XYV	CC(C)(C)NCC(C1=CC(=CC(=C1)OC(=O)N(C)C)OC(=O)N(C)C)O
D04EGX	CCNC(=O)N(CCCN(C)C)C(=O)C1CC2C(CC3=CNC4=CC=CC2=C34)N(C1)CC=C
D04AAN	CN1CCCCC1CCN2C3=CC=CC=C3SC4=C2C=C(C=C4)S(=O)C
D0R6BI	C1CNCC(C2=CC(=C(C(=C21)Cl)O)O)C3=CC=C(C=C3)O
D0X7KB	CCN(CC)C(=O)NC1CN(C2CC3=CNC4=CC=CC(=C34)C2=C1)C
D03YGR	CC(C1=CC=CC2=CC=CC=C21)NCCCC3=CC(=CC=C3)C(F)(F)F
D07BSQ	CC(=O)C1CCC2C1(CCC3C2CCC4=CC(=O)CCC34C)C
D0NA8U	CC1CC2C3CCC4=CC(=O)C=CC4(C3(C(CC2(C1(C(=O)COP(=O)([O-])[O-])O)C)O)F)C.[Na+].[Na+]
D07YDE	C(C(CO[N+](=O)[O-])O[N+](=O)[O-])O[N+](=O)[O-]
D0FG6M	C1=CC(=C(C(=C1)Cl)COCCOCCCCCCNCC(C2=CC(=C(C=C2)O)CO)O)Cl
D0Y7JU	CC1CC2C3CC(C4=CC(=O)C=CC4(C3(C(CC2(C1(C(=O)SCF)OC(=O)C5=CC=CO5)C)O)F)C)F
D09OQV	CCCN(CCC1=CC=CS1)C2CCC3=C(C2)C=CC=C3O
D06XMU	CC12CCC3C(C1CCC2O)CCC4=CC(=O)CCC34C
D0SP3D	CC1(C(=O)N2C(C(=O)N3CCCC3C2(O1)O)CC4=CC=CC=C4)NC(=O)C5CC6C(CC7=CNC8=CC=CC6=C78)N(C5)C.CS(=O)(=O)O
D08QMX	CC12CCC3C(C1CCC2O)CCC4=C3C=CC(=C4)O
D0I4DQ	CCCCCC(C=CC1C(CC(=O)C1CCCCCCC(=O)O)O)O
D0P6UB	CC(CC1=CC=CC=C1)NC
D0IN7I	CC1C(CCN1CC2=CC=CC=C2)NC(=O)C3=CC(=C(C=C3OC)NC)Cl
D00XWD	CCCCCN=C(N)NN=CC1=CNC2=C1C=C(C=C2)OC
D0C4AM	CCC(C)C(C(=O)NC(CC(C)C)C(=O)N1CCCC1C(=O)N2CCCC2C(=O)NC(C(C)O)C(=O)NC(CC(=O)N)C(=O)NC(C(C)C)C(=O)NCC(=O)NC(CO)C(=O)NC(CC(=O)N)C(=O)NC(C(C)O)C(=O)NC(CC3=CC=C(C=C3)O)C(=O)N)NC(=O)C4CCCN4C(=O)CNC(=O)C(CC5=CC=CC=C5)NC(=O)C(CC(=O)N)NC(=O)C(CC(=O)N)NC(=O)C(CO)NC(=O)C(CO)NC(=O)C(CC6=CNC=N6)NC(=O)C(C(C)C)NC(=O)C(CC(C)C)NC(=O)C(CC7=CC=CC=C7)NC(=O)C(CC(=O)N)NC(=O)C(C)NC(=O)C(CC(C)C)NC(=O)C(CCCNC(=N)N)NC(=O)C(CCC(=O)N)NC(=O)C(C(C)O)NC(=O)C(C)NC(=O)C8CSSCC(C(=O)NC(C(=O)NC(C(=O)NC(C(=O)NC(C(=O)N8)C(C)O)C)C(C)O)CC(=O)N)NC(=O)C(CCCCN)N
D0E9TP	CNC1=C2C(=NC=N1)N(C=N2)C3C(C(C(O3)CO)O)OC
D0G3SH	CC(CCC(=O)O)C1CCC2C1(CCC3C2C(CC4C3(CCC(C4)O)C)O)C
D0T3KI	CNS(=O)(=O)CCC1=CC2=C(C=C1)NC=C2C3CCN(CC3)C
D0N0ES	C1=CC(=CN=C1)C(=O)O
D0G1OZ	CC(C)(CC1=CC=CC=C1)NC
D00YWP	CC12CCC3C(C1CCC2O)CCC4=CC(=O)CCC34
D0L2LS	CC12CCC(=O)C=C1CCC3C2(C(CC4(C3CCC4(C)O)C)O)F
D0U3GL	CC12CCC3C(C1CCC2(C)O)CCC4C3(COC(=O)C4)C
D0D1DI	CC(CC1=CC=C(C=C1)OC)NCC(C2=CC(=C(C=C2)O)NC=O)O
D0Z1WA	CCC(C(C1=C2C=CC(=O)NC2=C(C=C1)O)O)NC(C)C
D0X5NX	CC(C)(C)NCC(C1=CC(=C(C(=C1)Cl)N)Cl)O
D04XEG	CC(CC1=CC=C(C=C1)O)NCC(C2=CC(=CC(=C2)O)O)O
D0L5YV	C1=CC=C(C=C1)CCCCOCCCCCCNCC(C2=CC(=C(C=C2)O)CO)O
D0Y9TS	CC(C(C(=O)NCC(=O)NC(CC1=CNC2=CC=CC=C21)C(=O)NC(CCSC)C(=O)NC(CC(=O)O)C(=O)NC(CC3=CC=CC=C3)C(=O)N)NC(=O)C(CC4=CC=C(C=C4)OS(=O)(=O)O)NC(=O)C(CC(=O)O)NC(=O)C(CCC(=O)N)NC(=O)C5CCC(=O)N5)O
D0Y2NE	CCC(=C(CC)C1=CC=C(C=C1)O)C2=CC=C(C=C2)O
D0J1ML	CC12CCC3C(C1CCC2(C#C)O)CCC4=C3C=CC(=C4)OC
D09ZQN	CC=C(C1=CC=C(C=C1)O)C(=CC)C2=CC=C(C=C2)O
D06NXY	CC12CCC3C(C1CCC2(C#C)O)CCC4=C3C=CC(=C4)O
D0Z1FX	CC12CCC3C(C1CC(C2O)O)CCC4=C3C=CC(=C4)O
D00ZFP	CC12CCC3C(C1CCC2=O)CCC4=C3C=CC(=C4)O
D0OL6O	COC(=O)CCC(=O)CN
D0IL7L	CC12CC(=O)C3C(C1CCC2(C(=O)CO)O)CCC4=CC(=O)C=CC34C
D03HYX	CC1CC2C3CCC4=CC(=O)C=CC4(C3(C(CC2(C1(C(=O)CCl)O)C)O)Cl)C
D0CW1P	CC1CC2C3CCC4=CC(=O)C=CC4(C3(C(CC2(C1(C(=O)CO)O)C)O)F)C
D0FM2P	CC1(OC2CC3C4CC(C5=CC(=O)C=CC5(C4C(CC3(C2(O1)C(=O)CO)C)O)C)F)C
D08WYM	CC(C)CC(C(=O)NC(CCCN=C(N)N)C(=O)N1CCCC1C(=O)NCC(=O)N)NC(=O)C(CC2=CC3=CC=CC=C3C=C2)NC(=O)C(CC4=CC=C(C=C4)O)NC(=O)C(CO)NC(=O)C(CC5=CNC6=CC=CC=C65)NC(=O)C(CC7=CN=CN7)NC(=O)C8CCC(=O)N8
D04ODH	CC(C)CC(C(=O)NC(CCCN=C(N)N)C(=O)N1CCCC1C(=O)NCC(=O)N)NC(=O)CNC(=O)C(CC2=CC=C(C=C2)O)NC(=O)C(CO)NC(=O)C(CC3=CNC4=CC=CC=C43)NC(=O)C(CC5=CN=CN5)NC(=O)C6CCC(=O)N6
D0K5ER	CN(CCOC1=CC=C(C=C1)CC2C(=O)NC(=O)S2)C3=CC=CC=N3.C(=CC(=O)O)C(=O)O
D0R7JT	CC12CCC(=O)C=C1CCC3C2(C(CC4(C3CCC4(C(=O)CO)O)C)O)F
D06HLY	CCC1C(COC1=O)CC2=CN=CN2C
D0G5QB	CCC(=O)N(C1=CC=CC=C1)C2(CCN(CC2)CCN3C(=O)N(N=N3)CC)COC
D0X6HD	CCOC(=O)C1(CCN(CC1)CCC2=CC=C(C=C2)N)C3=CC=CC=C3
D0J2TN	CCOC(=O)C1(CCN(CC1)CCC(C#N)(C2=CC=CC=C2)C3=CC=CC=C3)C4=CC=CC=C4
D0GR0T	CCC(C(CC(C)N(C)C)(C1=CC=CC=C1)C2=CC=CC=C2)OC(=O)C
D05PIZ	CCC(C(CC(C)N(C)C)(C1=CC=CC=C1)C2=CC=CC=C2)OC(=O)C
D00WCX	CC(C)(C(=O)O)OC1=CC=C(C=C1)CCNC(=O)C2=CC=C(C=C2)Cl
D04URO	C1CCC(CC1)C2CC(NC2)C(=O)O
D0F1UL	CC(=O)C1CCC2C1(CCC3C2C=CC4=CC(=O)CCC34C)C
D09QZI	CCC12CCC3C(C1CCC2(C#C)OC(=O)C)CCC4=CC(=NO)CCC34
D0I2SD	CC1CC2C(CCC3(C2CCC3(C(=O)C)O)C)C4(C1=CC(=O)CC4)C
D0GL7U	CC12CCC3C(C1CCC2(C#C)O)CCC4=CC(=O)CCC34
D0V0IX	CCCCCC(C=CC1C(CC2C1CC(=CCCCC(=O)O)O2)O)O
D01WUA	CCCCCC(CCC1C(CC2C1CC3=C(C2)C(=CC=C3)OCC(=O)O)O)O
D0C6NM	CC(C)OC(=O)CCCC=CCC1C(CC(C1CCC(CCC2=CC=CC=C2)O)O)O
D00PEH	CC1=C(C=C(C=C1)N2C(=O)C(=C(N2)C)N=NC3=CC=CC(=C3O)C4=CC(=CC=C4)C(=O)O)C
D08OKJ	OS(=O)(=O)O.[Fe]
D0Y3TM	[Fe]
D06XZW	CC1=C(C2=C(CCC(O2)(C)COC3=CC=C(C=C3)CC4C(=O)NC(=O)S4)C(=C1O)C)C
D0P0SM	CN(C)CCC1=CNC2=C1C=C(C=C2)CS(=O)(=O)N3CCCC3
D03DJL	CCC1=C(C=C2CC(CC2=C1)NCC(C3=C4C=CC(=O)NC4=C(C=C3)O)O)CC
D0EJ6O	CC(C)(C(=O)O)OC1=CC=C(C=C1)C2CC2(Cl)Cl
D0WD8M	C1=CC(=C(C(=C1)Cl)CC(=O)N=C(N)N)Cl.Cl
D04USC	C1=C(NC=N1)CCN
D03GOI	CCCCCCCCCCCCCCCC(=O)NC(CCC(=O)NCCCCC(C(=O)NC(CCC(=O)O)C(=O)NC(CC1=CC=CC=C1)C(=O)NC(C(C)CC)C(=O)NC(C)C(=O)NC(CC2=CNC3=CC=CC=C32)C(=O)NC(CC(C)C)C(=O)NC(C(C)C)C(=O)NC(CCCNC(=N)N)C(=O)NCC(=O)NC(CCCNC(=N)N)C(=O)NCC(=O)O)NC(=O)C(C)NC(=O)C(C)NC(=O)C(CCC(=O)N)NC(=O)CNC(=O)C(CCC(=O)O)NC(=O)C(CC(C)C)NC(=O)C(CC4=CC=C(C=C4)O)NC(=O)C(CO)NC(=O)C(CO)NC(=O)C(C(C)C)NC(=O)C(CC(=O)O)NC(=O)C(CO)NC(=O)C(C(C)O)NC(=O)C(CC5=CC=CC=C5)NC(=O)C(C(C)O)NC(=O)CNC(=O)C(CCC(=O)O)NC(=O)C(C)NC(=O)C(CC6=CN=CN6)N)C(=O)O
D01JMC	CC1CNCCC2=C1C=C(C=C2)Cl
D0O6IZ	C1CN=C(N1)CC2=CC=CC3=CC=CC=C32
D0W9ZF	CCCN1CC(CC2C1CC3=C(C2)C(=CC=C3)O)NS(=O)(=O)N(CC)CC
D04ASH	CCNC(=O)C1CCCN1C(=O)C(CCCN=C(N)N)NC(=O)C(CC(C)C)NC(=O)C(CC(C)C)NC(=O)C(CC2=CC=C(C=C2)O)NC(=O)C(CO)NC(=O)C(CC3=CNC4=CC=CC=C43)NC(=O)C(CC5=CN=CN5)NC(=O)C6CCC(=O)N6.CC(=O)O
D08VSI	C1CCCC(CC1)CC=CC2=CC(=C(C=C2)C3CCCCC3)Cl
D0W1DI	C1CCC(CC1)N2CCN(CC2)C3=C(N=C(S3)NC(=O)C4=CC(=C(N=C4)N5CCC(CC5)C(=O)O)Cl)C6=CC(=CS6)Cl
D05LQX	C1C(C(C(C1O)CC=CCCCC(=O)OCCCCO[N+](=O)[O-])CCC(CCC2=CC=CC=C2)O)O
D0H6QU	CN1CCC2=C3C1CC4=C(C3=CC=C2)C(=C(C=C4)O)O
D0N6YV	CC12CCC3C(=CCC4=C3C=CC(=C4)OS(=O)(=O)[O-])C1CCC2=O.[Na+]
D0BV3J	CC(C)(C(=O)NC(CC1=CNC2=CC=CC=C21)C(=O)NC(CC3=CNC4=CC=CC=C43)NC=O)N
D01ZOG	CCCC(=O)OC1(CCC2C1(CC(C3(C2CC(C4=CC(=O)C=CC43C)F)F)O)C)C(=O)COC(=O)C
D0T2PL	CC(CCCC(C)(C)O)C1CCC2C1(CCCC2=CC=C3CC(CC(C3=C)O)O)C
D07ILQ	CCCCCCCCCCCCCCCC(=O)NCCO
D0U7SH	C1CC(N(C1)C(=O)C2CSSCCC(=O)NC(C(=O)NC(C(=O)NC(C(=O)NC(C(=O)N2)CC(=O)N)CCC(=O)N)CC3=CC=CC=C3)CC4=CC=C(C=C4)O)C(=O)NC(CCCN=C(N)N)C(=O)NCC(=O)N
D01UFN	CC(CCCC(C(F)(F)F)(C(F)(F)F)O)C1CCC2C1(CCCC2=CC=C3CC(CC(C3=C)O)O)C
D0G3PI	CC1=C(C(CCC1)(C)C)C=CC(=CC=CC(=CC(=O)O)C)C
D0I1LH	CC12CCC(=O)C=C1CCC3C2C(CC4(C3CCC4C(=O)CO)C=O)O
D0M3FJ	CCC(C)C1C(=O)NC(C(=O)NC(C(=O)NC(CSSCC(C(=O)NC(C(=O)N1)CC2=CC=C(C=C2)O)N)C(=O)N3CCCC3C(=O)NC(CC(C)C)C(=O)NCC(=O)N)CC(=O)N)CCC(=O)N
D04QSJ	COCCCN1CCC(CC1)NC(=O)C2=CC(=C(C3=C2OCC3)N)Cl
D02DGU	CC1=C(C(CCC1)(C)C)C=CC(=CC=CC(=CC(=O)O)C)C
D08VRX	CC(C(=O)NC(CC1=CC2=CC=CC=C2C=C1)C(=O)NC(C)C(=O)NC(CC3=CNC4=CC=CC=C43)C(=O)NC(CC5=CC=CC=C5)C(=O)NC(CCCCN)C(=O)N)N
D0O2YE	CCCCCN=C(N)NN=CC1=CNC2=C1C=C(C=C2)OC
D0I8FI	CC(C)NCC(C1=CC(=C(C=C1)O)O)O
D09GFL	C1CCC(CC1)C(CCN2CCCCC2)(C3=CC=CC=C3)O
D0K8IX	C1C(=O)NC(=O)S1
D0K0VO	CN1C(=CC(=O)N(C1=O)C)NCCCN2CCN(CC2)C3=CC=CC=C3OC
D03YVO	C[N+]1(CCC23C4C(=O)CCC2(C1CC5=C3C(=C(C=C5)O)O4)O)CC6CC6.[Br-]
D02ULU	CCC(C)C(C(=O)NC(C)C(=O)NC(CC1=CNC2=CC=CC=C21)C(=O)NC(CC(C)C)C(=O)NC(C(C)C)C(=O)NC(CCCNC(=N)N)C(=O)NCC(=O)NC(CCCNC(=N)N)C(=O)NCC(=O)O)NC(=O)C(CC3=CC=CC=C3)NC(=O)C(CCC(=O)O)NC(=O)C(CCCCNC(=O)COCCOCCNC(=O)COCCOCCNC(=O)CCC(C(=O)O)NC(=O)CCCCCCCCCCCCCCCCC(=O)O)NC(=O)C(C)NC(=O)C(C)NC(=O)C(CCC(=O)N)NC(=O)CNC(=O)C(CCC(=O)O)NC(=O)C(CC(C)C)NC(=O)C(CC4=CC=C(C=C4)O)NC(=O)C(CO)NC(=O)C(CO)NC(=O)C(C(C)C)NC(=O)C(CC(=O)O)NC(=O)C(CO)NC(=O)C(C(C)O)NC(=O)C(CC5=CC=CC=C5)NC(=O)C(C(C)O)NC(=O)CNC(=O)C(CCC(=O)O)NC(=O)C(C)(C)NC(=O)C(CC6=CN=CN6)N
D0N2SR	CC(C)N(CCCCOCC(=O)NS(=O)(=O)C)C1=CN=C(C(=N1)C2=CC=CC=C2)C3=CC=CC=C3
D0H2JP	CC(C)(C)C(C)(C1CC23CCC1(C4C25CCN(C3CC6=C5C(=C(C=C6)O)O4)CC7CC7)OC)O
D0J5RN	C1=CC=C(C=C1)C(C2=CC=CC=C2)S(=O)CC(=O)N
D0Q5MQ	CCC(=O)NCC1CC1C2=C3CCOC3=CC=C2
D0TD1R	CCCCCCOC(C)C1=CC=CC(=C1OC)C2=CSC(=N2)NC(=O)C3=CC(=C(C(=C3)Cl)C=C(C)C(=O)O)Cl
D0K0MW	CC(C1=NCCN1)OC2=C(C=CC=C2Cl)Cl
D03PJU	CCC(=O)N(C1=CC=CC=C1)C2(CCN(CC2)CCC3=CC=CC=C3)C(=O)OC
D03XIS	CC(C1=CC(=CC=C1)OC)NCCCC2=CC=CC=C2Cl.Cl
D06FEF	CCC(COCC1=CC(=C(C(=C1)OC)OC)OC)(C2=CC=CC=C2)N(C)C
D0S2BV	C1=CC(=CC=C1CC2C(=O)NC(=O)S2)O
D09FYQ	CON=C(C#N)C1CN2CCC1CC2
D04VPV	CCCCC(=O)OCC(=O)OC1CC(C2=C(C1)C(=C3C(=C2O)C(=O)C4=C(C3=O)C=CC=C4OC)O)OC5CC(C(C(O5)C)O)NCC6=CC=CC=C6
D0PI8W	CCC(C)C(C(=O)NC(CC(C)C)C(=O)NC(CO)C(=O)NC(CO)C(=O)NC(C(C)O)C(=O)NC(CC(=O)N)C(=O)NC(C(C)C)C(=O)NCC(=O)NC(CO)C(=O)NC(CC(=O)N)C(=O)NC(C(C)O)C(=O)NC(CC1=CC=C(C=C1)O)C(=O)N)NC(=O)C(C)NC(=O)CNC(=O)C(CC2=CC=CC=C2)NC(=O)C(CC(=O)N)NC(=O)C(CC(=O)N)NC(=O)C(CO)NC(=O)C(CO)NC(=O)C(CC3=CN=CN3)NC(=O)C(C(C)C)NC(=O)C(CC(C)C)NC(=O)C(CC4=CC=CC=C4)NC(=O)C(CC(=O)N)NC(=O)C(C)NC(=O)C(CC(C)C)NC(=O)C(CCCNC(=N)N)NC(=O)C(CCC(=O)N)NC(=O)C(C(C)O)NC(=O)C(C)NC(=O)C5CSSCC(C(=O)NC(C(=O)NC(C(=O)NC(C(=O)NC(C(=O)N5)C(C)O)C)C(C)O)CC(=O)N)NC(=O)C(CCCCN)N
D0Y7XC	C=CCN1CCC2=C(CC1)SC(=N2)N
D0Y1PG	CC(CC1=CC=C(C=C1)OCC(=O)O)NCC(C2=CC(=CC=C2)Cl)O
D0K5KL	CCN(CC)C(=O)C1=CC=C(C=C1)C(C2=CC(=CC=C2)O)N3CC(N(CC3C)CC=C)C
D0PZ9R	CCCCCCSC1=NC=CN=C1OC2CN3CCC2C3.Cl
D06PZN	CCOC1=CC(=C(C=C1C(=O)NCC2CN(CCO2)CC3=CC=C(C=C3)F)Cl)N
D0E6YT	C1=CC=C(C(=C1)CSC2=NC3=C(C4=CC=CC=C4N3C(=O)C5=CC=NO5)N=N2)C#N
D0LN9D	CC(C)(C#N)C1=NOC(=C1)NC(=O)C(C)(C)N(C)CC2CCOCC2
D0X5ZS	CC(C)(COC)C1=NOC(=C1)NC(=O)C(C)(C)N(C)CC2CCOCC2
D0TH6M	CN1C=C(C2=C1C=C(C=C2)N3CCC(CC3)OCC4=C(ON=C4C5=C(C=CC=C5Cl)Cl)C6CC6)C(=O)O
D07ULI	CCCCSC1=NC2=C(C3=CC=CC=C3N2)N=N1
D0E0MH	CCC1C2CC(CCC2(C3CCC4(C(C3C1O)CCC4C(C)CCCS(=O)(=O)O)C)C)O
D0W9PY	CC1(CCCN1C(=O)C2=NC(=C(C=C2)N3CC(C3)(F)F)OCC4CC4)C
D0OR4G	CN1C(=C(C=N1)Br)C2=CC(=CC=C2)NC3=CC=C(C=C3)Cl
D03IMJ	CS(=O)(=O)NC(=O)C1=CC2=C(CCC3=C(O2)C=CC(=N3)OCC4=C(ON=C4C5=C(C=CC=C5Cl)Cl)C6CC6)C=C1
D0J4CL	C1CC1C2=C(C(=NO2)C3=C(C=CC=C3Cl)Cl)COC4=CC5=C(C=C4)OC6=C(CS5(=O)=O)C=CC(=C6)C(=O)O
D0F2OO	C1CC1C2=C(C(=NO2)C3=C(C=CC=C3Cl)Cl)COC4=CC(=C(C=C4)C5(CCN(C5)C6=NC=C(C=C6)C(=O)O)O)Cl
D03DZQ	CC(C)OC(=O)C1=CN(CC(C2=C1NC3=CC=CC=C32)(C)C)C(=O)C4=CC(=C(C=C4)F)F
D0WC8M	CN1C(=C(C=N1)Br)C2=CC(=CC=C2)NC3=CC=C(C=C3)C(F)(F)F
D0M9LM	C1CN(CCN1CCCCC2=CNC3=C2C=C(C=C3)C#N)C4=CC=C(C=C4)N5C=CC6=CC=CC=C6C5=O
D0T7HK	C1CN(CCN1CCCCC2=CNC3=C2C=C(C=C3)C#N)C4=CC=C(C=C4)N5C=CC6=C(C5=O)C=CC=N6
D0A4LL	CN(C)S(=O)(=O)NC(=O)C1=CC2=C(C=C1)N=C(S2)N3CCC(CC3)OCC4=C(ON=C4C5=C(C=CC=C5Cl)Cl)C6CC6
D0F9TY	C1CN(CCN1CCCC2=CNC3=C2C=C(C=C3)C#N)C4=CC=C(C=C4)N5C=CC6=C(C5=O)C=CC=N6
D05QJY	CCC1C2CC(CCC2(C3CCC4(C(C3C1O)CCC4C(C)CCC5=NNN=N5)C)C)O
D0Y3NZ	CN1C2=C(COC3=C2C=C(C=C3)Cl)C(=N1)C(=O)N(CC4=CC=CC=C4F)CC(=O)NCC5CC5
D00SZR	CCC(CC)(C=CCC(C)C1=CCC2C1(CCCC2=CC=C3CC(CC(C3=C)F)O)C)O
D01GTU	CC1C2CCC3(C(=CC(=O)C4C3(CCC5(C4CC(CC5)(C)C)C(=O)OC)C)C2(C=C(C1=O)C#N)C)C
D01PKZ	CC(=O)NCCC1=CNC2=C1C=C(C=C2)OC(=O)C=CC3=CC=C(C=C3)F
D02FAA	CC1(CCC(C2=C1C=CC(=C2)NC(=O)C3=CC=C(C=C3)C(=O)O)(C)C)C
D02SPI	COC1=C(N=CC=C1)C(=O)C=CC2=CC=CC=C2Cl
D03YWY	COC1=NC=C(C2=C1C3CCC2C3)NC45CC6CC(C4)(CC(C6)(C5)F)F
D04ILM	COC1=CC=CC=C1S(=O)(=O)C=CC2=CC=CC=C2Cl
D04QBY	CN(C)C1=CC=C(C=C1)C2=CC(=C(C=C2)CN(C3=CC=CC(=C3)C=CC(=O)OC)C(=O)C4CCCCC4)F
D07EDS	CN(C)C1=CC=C(C=C1)C2=CC(=C(C=C2)CN(C3=CC(=CC(=C3)C=CC(=O)OC)F)C(=O)C4CC5CCC4C5)F
D08MYA	CN1C2=C(C=C(C=C2)C3=CC(=C(C=C3)CN(C4=CC(=CC(=C4)C=CC(=O)OC)F)C(=O)C5CCCCC5)F)C=N1
D08XES	CC(C1CC1)(C(=O)OC)NC(=O)C2=CN=C(C(=N2)OCC3CC3)N4CC(C4)(F)F
D09FOM	CC(C)OC(=O)C1CN(CC(C2=C1NC(=C2)C#N)(C)C)C(=O)C3=CC(=C(C=C3)F)F
D09FZF	CC1C2CCC(=C)C(C2(CCC1O)C)CC=C3C(COC3=O)O
D09YFJ	C1C2CC3CC1CC(C2)(C3)C4=C(C=CC(=C4)C5=CC6=C(C=C5)C=C(C=C6)C(=O)O)O
D0AJ2T	CC1(CCC2(CCC3(C4(CCC5C(C(=O)C(=CC5(C4=CC(=O)C3(C2C1)O)C)C#N)(C)C)C)C)C(=O)OC)C
D0AW3F	CC1(CCC(C2=C1C=CC(=C2)C(=O)NC3=CC=C(C=C3)C(=O)O)(C)C)C
D0C1PB	CC1CCC2C(=C)C(=O)OC3C24C1CCC(O3)(OO4)C
D0E2AD	CCOC(=O)C1=CN=C(C=C1)C#CC2=CC3=C(C=C2)SCCC3(C)C
D0EO3S	COC1=C(C=NC=C1)C(=O)C=CC2=CC=CC=C2C(F)(F)F
D0F5MF	CN(C)C1=CC=C(C=C1)C2=CC=C(C=C2)CN(C3=CC=CC(=C3)C4=CC(=CN=C4)OC)C(=O)C5CCCCC5
D0FH6P	CC1=CC=C(C=C1)C=CC(=O)OC2=CC3=C(C=C2)NC=C3CCNC(=O)C
D0FK0Y	CC(=C)C1=C(C2=C(S1)CCNCC2)OC
D0FM3Q	CC(=O)NCCC1=CNC2=C1C=C(C=C2)OC(=O)C=CC3=CC=CC=C3
D0G3KY	C1=CC=C2C(=C1)C=C(C=N2)OC3=C(C=C(C=C3Cl)NS(=O)(=O)C4=C(C=C(C=C4)Cl)Cl)Cl
D0G4EK	C(C(C(=O)O)N)SCC(=O)O
D0GQ8W	CCCCCN1C2=C(C=C(C=C2)C(=O)N3CCCCC3)C4=C1C=C(C=C4)OC
D0K3UO	CC1=C2C(=NN1)C(=CN(CC2(C)C)C(=O)C3=CC=C(C=C3)OCC[N+]4(CCOCC4)C)C(=O)OC(C)C
D0L1JQ	CC=CC(=O)OC1=CC2=C(C=C1)NC=C2CCNC(=O)C
D0M5EC	CCCCCCCCC1=CC=C(C=C1)C2=CC=C(C=C2)C(=O)O
D0MC3J	CC1(CCC(C2=C1C=CC(=C2)C(C(=O)NC3=C(C=C(C=C3)C(=O)O)F)O)(C)C)C
D0MQ3X	CC1COC2=C1C(=O)C(=O)C3=C2C=CC4=C(C=CC=C43)C
D0MX0Q	CC(=O)NCCC1=CNC2=C1C=C(C=C2)OC(=O)C=CC3=CC=C(C=C3)OC
D0N9GH	CC1C2CCC3(C(=CC(=O)C4C3(CCC5(C4CC(CC5)(C)C)CO)C)C2(C=C(C1=O)C#N)C)C
D0OM2M	CN(C)C1=CC=C(C=C1)C2=CC=C(C=C2)CN(C3=CC(=CC(=C3)C=CC(=O)OC)F)C(=O)C4CC5CCC4C5
D0Q9QQ	CC1C2CCC(=C)C(C2(CCC1(C(F)(F)F)O)C)CC=C3C(COC3=O)O
D0R8GK	C1CC1C2=C(C(=NO2)C3=C(C=CC=C3Cl)Cl)COC4=CC(=C(C=C4)C5CC5C6=CC=C(C=C6)C(=O)O)Cl
D0RM4V	CC(=O)NC12CCC(CC1C3C(=O)C=C4C(C3(CC2)C)(CCC5C4(C=C(C(=O)C5(C)C)C#N)C)C)(C)C
D0SA1N	CC(=O)NCCC1=CNC2=C1C=C(C=C2)OC(=O)C=CC3=CC=C(C=C3)[N+](=O)[O-]
D0T0YA	CCNC1CC(S(=O)(=O)C2=C1C=C(S2)S(=O)(=O)N)C
D0T9OL	C1CN(C2=CC=CC=C21)C(=O)NC34CC5CC(C3)CC(C5)C4
D0TF0T	CC1=CC(=CC(=C1N)C)OC2=CC3=C(C=C2)N=C(N3C)COC4=CC=C(C=C4)CC5C(=O)NC(=O)S5
D0U9TR	COC1=CC=CC=C1C(=O)C=CC2=CC=CC=C2C(F)(F)F
D0UK7K	CC(CCCC(C)(C)O)C1CCC2C1(CCCC2=CC=C3CC(C(=C)C(C3)O)O)C
D0UW8Q	CC(C)(C)C(=O)N(CC1=CC=C(C=C1)C2=CC=C(C=C2)N(C)C)C3=CC=CC(=C3)C=CC(=O)OC
D0W8JK	COC1=C(C=C(C=C1)C2=CC3=C(C=C2)C=C(C=C3)C(=O)O)C45CC6CC(C4)CC(C6)C5
D0WA9U	CCC1C2CCCCC2(C3C(CC4(C(C3C1O)CCC4C(C)CCC(=O)O)C)O)C
D0WN1Y	CCC(=O)NC12CCC(CC1C3C(=O)C=C4C(C3(CC2)C)(CCC5C4(C=C(C(=O)C5(C)C)C#N)C)C)(C)C
D0XG7K	C1CC2CC1C3=C2C(=NC=C3NC4=CC(=CC=C4)OC(F)(F)F)OS(=O)(=O)C(F)(F)F
D0YP0T	CC1(CCC(C2=C1C=CC(=C2)C(C(=O)NC3=C(C=C(C=C3)C(=O)O)F)O)(C)C)C
D0ZG3D	CN1C2=C(C=C(C=C2)C3=CC(=C(C=C3)CN(C4=CC=CC(=C4)C=CC(=O)OC)C(=O)C5CCCCC5)F)C=N1
D0ZQ0X	C1C2CC3CC1CC(C2)(C3)C4=C(C=C5C=CC(=CC5=C4)C6=CC=C(C=C6)C(=O)O)O
D01XIW	CN1C(CCC2=C1C=CC(=C2)OCC3=C(ON=C3C4=C(C=CC=C4Cl)Cl)C5CC5)C6=CC(=CC=C6)C(=O)O
D02RCY	CN1C2=C(COC3=C2C=C(C=C3)Cl)C(=N1)C(=O)N(CC4=CC(=CC=C4)F)CC(=O)NC5=C(C=CC(=C5)C(=O)O)F
D0FC0B	C1CC1C2=C(C(=NO2)C3=C(C=CC=C3Cl)Cl)COC4=CC5=C(C(=C4)Cl)OC(CC5)C6=CC(=CC=C6)C(=O)O
D0N4PL	CC(C)OC(=O)C1=CN(CC(C2=C1NC3=C2C=CC=N3)(C)C)C(=O)C4=CC(=C(C=C4)F)F
D0YK9Q	CC(C)OC(=O)C1=CN(CC(C2=C1NC3=C2N=CC=C3)(C)C)C(=O)C4=CC(=C(C=C4)F)F
D0UW5J	CCC1(COC(=N1)C2=NC=C(C(=C2)OCC3CC3)C4CC4)CC
